domain,tranco_rank,whitelisted,source_count,sources,reason,excluded_from_consolidated
myshopify.com,321,,1,GlobalAntiScamOrg,tranco_rank=321,yes
vkontakte.ru,482,,1,Phishing_Army,tranco_rank=482,yes
us.com,1004,,1,GlobalAntiScamOrg,tranco_rank=1004,yes
sportybet.com,1392,,1,StopForumSpam_ToxicDomains,tranco_rank=1392,yes
ey43.com,1516,,1,DandelionSprout,tranco_rank=1516,yes
sextop1.page,1767,,1,ThreatFox,tranco_rank=1767,yes
sexdep.blog,1779,,1,ThreatFox,tranco_rank=1779,yes
telegra.ph,2036,,1,StopForumSpam_ToxicDomains,tranco_rank=2036,yes
exelator.com,2085,,1,QuidsUp,tranco_rank=2085,yes
mgid.com,2168,,1,KADhosts,tranco_rank=2168,yes
metamask.io,2175,,1,GlobalAntiScamOrg,tranco_rank=2175,yes
ztomy.com,2380,,1,DandelionSprout,tranco_rank=2380,yes
ru.com,2626,,1,DandelionSprout,tranco_rank=2626,yes
bfmio.com,2634,,1,QuidsUp,tranco_rank=2634,yes
ad-score.com,2798,,1,Hexxium_Creations,tranco_rank=2798,yes
fastclick.net,3058,,1,QuidsUp,tranco_rank=3058,yes
is.gd,3435,,2,OpenPhish;USOM,tranco_rank=3435,yes
syndicatedsearch.goog,3954,,1,Phishing_Army,tranco_rank=3954,yes
51.la,4174,,1,Mitchell_Krog,tranco_rank=4174,yes
amung.us,4649,,1,Mitchell_Krog,tranco_rank=4649,yes
adtng.com,4657,,1,DandelionSprout,tranco_rank=4657,yes
etherscan.io,4733,,1,GlobalAntiScamOrg,tranco_rank=4733,yes
bongacams.com,4961,,1,Hexxium_Creations,tranco_rank=4961,yes
wallpapers.com,5229,,1,The_Block_List_Project_Fraud,tranco_rank=5229,yes
packetsdk.xyz,5271,,1,USOM,tranco_rank=5271,yes
packetsdk.io,5281,,1,USOM,tranco_rank=5281,yes
g2a.com,5352,,1,The_Block_List_Project_Fraud,tranco_rank=5352,yes
bookmark.xxx,5513,,1,Hexxium_Creations,tranco_rank=5513,yes
link.me,5708,,1,Phishing_Army,tranco_rank=5708,yes
genspark.ai,5831,,1,Phishing_Army,tranco_rank=5831,yes
14emeliaterracewestroxburyma02132.su,5847,,2,ThreatFox;USOM,tranco_rank=5847,yes
packetsdk.net,5999,,1,USOM,tranco_rank=5999,yes
r2.dev,6034,,1,USOM,tranco_rank=6034,yes
swagbucks.com,6052,,1,The_Block_List_Project_Fraud,tranco_rank=6052,yes
hstgr.cloud,6083,,1,USOM,tranco_rank=6083,yes
csiro.au,6105,,1,USOM,tranco_rank=6105,yes
angi.com,6160,,1,StopForumSpam_ToxicDomains,tranco_rank=6160,yes
theporndude.com,6329,,1,StopForumSpam_ToxicDomains,tranco_rank=6329,yes
sytes.net,6479,,1,USOM,tranco_rank=6479,yes
temporary.site,6518,,1,USOM,tranco_rank=6518,yes
myway.com,6792,,1,KADhosts,tranco_rank=6792,yes
pragmaticplaylive.net,6826,,1,USOM,tranco_rank=6826,yes
getresponse.com,6880,,1,The_Block_List_Project_Fraud,tranco_rank=6880,yes
hdporncomics.com,6885,,1,The_Block_List_Project_Fraud,tranco_rank=6885,yes
utua.com.br,7361,,1,Phishing_Army,tranco_rank=7361,yes
anrdoezrs.net,7625,,1,DandelionSprout,tranco_rank=7625,yes
qxbroker.com,8367,,1,KADhosts,tranco_rank=8367,yes
erne.co,8850,,1,QuidsUp,tranco_rank=8850,yes
adsensecustomsearchads.com,9356,,1,Phishing_Army,tranco_rank=9356,yes
vlxx.bz,9700,,1,ThreatFox,tranco_rank=9700,yes
ojrq.net,9710,,1,DandelionSprout,tranco_rank=9710,yes
clipsexsub3x.net,10227,,1,ThreatFox,tranco_rank=10227,
bittor.pw,10334,,1,USOM,tranco_rank=10334,
casino.org,10382,,1,StopForumSpam_ToxicDomains,tranco_rank=10382,
livejasmin.com,10431,,1,FadeMind,tranco_rank=10431,
mez.ink,10815,,1,Phishing_Army,tranco_rank=10815,
dfmc.com.cn,10941,,1,USOM,tranco_rank=10941,
google.tk,11072,,1,USOM,tranco_rank=11072,
mamba.ru,11182,,1,StopForumSpam_ToxicDomains,tranco_rank=11182,
etahub.com,11329,,1,FadeMind,tranco_rank=11329,
gomining.com,11436,,1,GlobalAntiScamOrg,tranco_rank=11436,
company.site,11577,,1,KADhosts,tranco_rank=11577,
whitebluerights.com,11596,,1,ThreatFox,tranco_rank=11596,
awin.com,11755,,1,KADhosts,tranco_rank=11755,
getrockerbox.com,11866,,1,FadeMind,tranco_rank=11866,
above.com,12285,,1,Mitchell_Krog,tranco_rank=12285,
iyfubh.com,12476,,1,DandelionSprout,tranco_rank=12476,
bscscan.com,12580,,1,GlobalAntiScamOrg,tranco_rank=12580,
securestudies.com,12708,,1,QuidsUp,tranco_rank=12708,
ycxrl.com,13401,,1,USOM,tranco_rank=13401,
g2afse.com,13480,,1,KADhosts,tranco_rank=13480,
one-new-message-okay.com,13557,,1,DandelionSprout,tranco_rank=13557,
mix.com,13638,,1,The_Block_List_Project_Fraud,tranco_rank=13638,
ydns.eu,14003,,1,USOM,tranco_rank=14003,
clickfunnels.com,14029,,1,KADhosts,tranco_rank=14029,
okiloveyoupleasedonttouchme.net,14157,,1,ThreatFox,tranco_rank=14157,
thespacemachines.st,14175,,1,ThreatFox,tranco_rank=14175,
imsowiwiwiwiwi.com,14265,,1,ThreatFox,tranco_rank=14265,
iloveyourweewee.bz,14266,,1,ThreatFox,tranco_rank=14266,
cbphe.com,14368,,1,USOM,tranco_rank=14368,
nvms9000.su,14966,,1,ThreatFox,tranco_rank=14966,
trustwallet.com,14968,,1,GlobalAntiScamOrg,tranco_rank=14968,
iqoption.com,15028,,1,The_Block_List_Project_Fraud,tranco_rank=15028,
hikvision-cctv.su,15090,,1,ThreatFox,tranco_rank=15090,
cprapid.com,15173,,1,DandelionSprout,tranco_rank=15173,
ipfs.io,15201,,1,OpenPhish,tranco_rank=15201,
1fichier.com,15246,,1,USOM,tranco_rank=15246,
oast.fun,15269,,1,USOM,tranco_rank=15269,
martted.com,15510,,1,DandelionSprout,tranco_rank=15510,
bonusnun.com,15920,,1,DandelionSprout,tranco_rank=15920,
hubs.ly,16624,,1,Phishing_Army,tranco_rank=16624,
sider.ai,16805,,1,Phishing_Army,tranco_rank=16805,
feedspot.com,17754,,1,StopForumSpam_ToxicDomains,tranco_rank=17754,
afront.io,17846,,1,DandelionSprout,tranco_rank=17846,
totalav.com,18014,,3,Hexxium_Creations;KADhosts;QuidsUp,tranco_rank=18014,
pushub.net,18330,,1,DandelionSprout,tranco_rank=18330,
yopmail.com,18671,,1,StopForumSpam_ToxicDomains,tranco_rank=18671,
pcpitstop.com,19170,,1,FadeMind,tranco_rank=19170,
4dsply.com,19421,,1,QuidsUp,tranco_rank=19421,
deriv.com,19433,,1,KADhosts,tranco_rank=19433,
fartit.com,19547,,1,USOM,tranco_rank=19547,
sutterhealth.org,19734,,1,StopForumSpam_ToxicDomains,tranco_rank=19734,
epizy.com,19974,,1,Hexxium_Creations,tranco_rank=19974,
erothots.co,20126,,1,DandelionSprout,tranco_rank=20126,
a2hosted.com,20421,,1,USOM,tranco_rank=20421,
conta.cc,20481,,1,Phishing_Army,tranco_rank=20481,
socpublic.com,20612,,1,The_Block_List_Project_Fraud,tranco_rank=20612,
optvz.com,20800,,1,DandelionSprout,tranco_rank=20800,
androeed.ru,20811,,1,USOM,tranco_rank=20811,
cock.li,20850,,1,USOM,tranco_rank=20850,
host-it.co.uk,20916,,1,FadeMind,tranco_rank=20916,
000webhostapp.com,20945,,1,USOM,tranco_rank=20945,
dreamhosters.com,21020,,1,USOM,tranco_rank=21020,
fide.com,21378,,1,StopForumSpam_ToxicDomains,tranco_rank=21378,
glotorrents.pw,21577,,1,USOM,tranco_rank=21577,
ddnsking.com,21771,,1,USOM,tranco_rank=21771,
link.space,21819,,1,Phishing_Army,tranco_rank=21819,
dengage.com,21916,,1,GlobalAntiScamOrg,tranco_rank=21916,
emailondeck.com,22024,,1,StopForumSpam_ToxicDomains,tranco_rank=22024,
gamesgx.net,23184,,1,DandelionSprout,tranco_rank=23184,
work.gd,23610,,1,USOM,tranco_rank=23610,
dynv6.net,23643,,1,USOM,tranco_rank=23643,
waust.at,23844,,1,KADhosts,tranco_rank=23844,
facilitobet.com,23900,,1,StopForumSpam_ToxicDomains,tranco_rank=23900,
jsonip.com,24106,,1,FadeMind,tranco_rank=24106,
redirectme.net,24533,,1,DandelionSprout,tranco_rank=24533,
usrfiles.com,24835,,1,USOM,tranco_rank=24835,
artsomewhere.com,25334,,1,ThreatFox,tranco_rank=25334,
kasralmaadi.com,25462,,1,ThreatFox,tranco_rank=25462,
xsph.ru,25827,,1,USOM,tranco_rank=25827,
beliefnet.com,26123,,1,StopForumSpam_ToxicDomains,tranco_rank=26123,
futuremarketinsights.com,26323,,1,StopForumSpam_ToxicDomains,tranco_rank=26323,
onedumb.com,26372,,1,USOM,tranco_rank=26372,
railway.com,26941,,1,StopForumSpam_ToxicDomains,tranco_rank=26941,
sdkconnect121.st,26966,,1,ThreatFox,tranco_rank=26966,
updatestar.com,26992,,1,KADhosts,tranco_rank=26992,
wow-i-get-push.com,27083,,1,DandelionSprout,tranco_rank=27083,
dc16888888.com,27091,,1,USOM,tranco_rank=27091,
rebelmouse.com,27240,,1,The_Block_List_Project_Fraud,tranco_rank=27240,
hexsdk.com,27579,,1,USOM,tranco_rank=27579,
posteezy.com,27603,,1,The_Block_List_Project_Fraud,tranco_rank=27603,
estpak.ee,27613,,1,USOM,tranco_rank=27613,
apotube.com,27868,,1,USOM,tranco_rank=27868,
mobuppsrtb.com,27998,,1,DandelionSprout,tranco_rank=27998,
nuskin.com,28140,,1,KADhosts,tranco_rank=28140,
advlistings.com,28217,,1,DandelionSprout,tranco_rank=28217,
casino.guru,28285,,1,StopForumSpam_ToxicDomains,tranco_rank=28285,
protected.net,28289,,2,DandelionSprout;KADhosts,tranco_rank=28289,
go2affise.com,29145,,1,KADhosts,tranco_rank=29145,
mtu-net.ru,29324,,1,StopForumSpam_ToxicDomains,tranco_rank=29324,
bidmyadz.com,29555,,1,DandelionSprout,tranco_rank=29555,
thenetwork18.com,30108,,1,DandelionSprout,tranco_rank=30108,
edubirdie.com,30271,,1,The_Block_List_Project_Fraud,tranco_rank=30271,
dnsuser.de,30729,,1,USOM,tranco_rank=30729,
crane.aero,31207,,1,The_Block_List_Project_Fraud,tranco_rank=31207,
trackifyy.com,31268,,1,DandelionSprout,tranco_rank=31268,
vocus.cc,31522,,1,GlobalAntiScamOrg,tranco_rank=31522,
pretty-fly4.net,31526,,1,DandelionSprout,tranco_rank=31526,
totalplay.net,31738,,1,StopForumSpam_ToxicDomains,tranco_rank=31738,
onestartapi.com,31786,,1,USOM,tranco_rank=31786,
serveirc.com,31954,,1,USOM,tranco_rank=31954,
hueadsxml.com,32070,,1,QuidsUp,tranco_rank=32070,
cuponomia.com.br,32191,,1,USOM,tranco_rank=32191,
firstmail.ltd,32256,,1,StopForumSpam_ToxicDomains,tranco_rank=32256,
playerauctions.com,32590,,1,The_Block_List_Project_Fraud,tranco_rank=32590,
pops.gg,32911,,1,DandelionSprout,tranco_rank=32911,
homelinux.com,33672,,1,USOM,tranco_rank=33672,
mytemp.website,33714,,1,USOM,tranco_rank=33714,
tf4srv.com,33739,,1,DandelionSprout,tranco_rank=33739,
sdkconnecter.com,33880,,1,ThreatFox,tranco_rank=33880,
ndsplitter.com,34033,,1,DandelionSprout,tranco_rank=34033,
cdntechone.com,34609,,1,Phishing_Army,tranco_rank=34609,
poneytelecom.eu,34638,,1,StopForumSpam_ToxicDomains,tranco_rank=34638,
webcindario.com,34658,,1,USOM,tranco_rank=34658,
888.com,35570,,1,Mitchell_Krog,tranco_rank=35570,
run.place,35989,,1,USOM,tranco_rank=35989,
subscribepage.io,36253,,1,Phishing_Army,tranco_rank=36253,
linkbio.co,36254,,1,Phishing_Army,tranco_rank=36254,
awpya.com,36695,,1,DandelionSprout,tranco_rank=36695,
exmainclcknew.com,36947,,1,DandelionSprout,tranco_rank=36947,
publicvm.com,37419,,1,USOM,tranco_rank=37419,
a.com,37511,,1,StopForumSpam_ToxicDomains,tranco_rank=37511,
manus.space,37716,,1,USOM,tranco_rank=37716,
roanoke.com,37777,,1,The_Block_List_Project_Fraud,tranco_rank=37777,
online.sh.cn,37846,,1,FadeMind,tranco_rank=37846,
infinity-info.com,37849,,1,DandelionSprout,tranco_rank=37849,
sitey.me,37885,,1,DandelionSprout,tranco_rank=37885,
appmonsta.ai,38186,,1,DandelionSprout,tranco_rank=38186,
ewp.live,38487,,1,Hexxium_Creations,tranco_rank=38487,
snippet.host,39174,,1,USOM,tranco_rank=39174,
bartcons.com,39371,,1,DandelionSprout,tranco_rank=39371,
totaladblock.com,39423,,1,KADhosts,tranco_rank=39423,
admozartxml.com,39611,,1,DandelionSprout,tranco_rank=39611,
pinnacle.com,39775,,1,Hexxium_Creations,tranco_rank=39775,
bmtrck.com,39846,,1,DandelionSprout,tranco_rank=39846,
outbyte.com,39896,,1,DandelionSprout,tranco_rank=39896,
junclikrmedi.com,40122,,1,DandelionSprout,tranco_rank=40122,
link-assistant.com,40817,,1,StopForumSpam_ToxicDomains,tranco_rank=40817,
mrbonus.com,40842,,1,USOM,tranco_rank=40842,
adverttise.com,41140,,1,DandelionSprout,tranco_rank=41140,
f5.si,41236,,1,StopForumSpam_ToxicDomains,tranco_rank=41236,
ezua.com,41629,,1,USOM,tranco_rank=41629,
ctrtraffic.com,41869,,1,DandelionSprout,tranco_rank=41869,
omeka.net,41921,,1,StopForumSpam_ToxicDomains,tranco_rank=41921,
sanynouncem.org,41939,,1,DandelionSprout,tranco_rank=41939,
justclick.ru,41953,,1,The_Block_List_Project_Fraud,tranco_rank=41953,
bigpoint.com,41956,,1,The_Block_List_Project_Fraud,tranco_rank=41956,
adxfactory.com,41964,,1,DandelionSprout,tranco_rank=41964,
tubecup.org,42176,,1,DandelionSprout,tranco_rank=42176,
csgo-skins.com,42711,,1,Hexxium_Creations,tranco_rank=42711,
elvenar.com,42732,,1,Hexxium_Creations,tranco_rank=42732,
adzestocp.com,42772,,1,DandelionSprout,tranco_rank=42772,
searchmagnified.com,42935,,2,FadeMind;USOM,tranco_rank=42935,
aboutbeautifulgallopinghorsesinthegreenpasture.online,43295,,1,StopForumSpam_ToxicDomains,tranco_rank=43295,
fileplanet.com,43410,,1,DandelionSprout,tranco_rank=43410,
meiboot.com,43436,,1,USOM,tranco_rank=43436,
essaypro.com,43490,,1,The_Block_List_Project_Fraud,tranco_rank=43490,
mediaget.com,43523,,1,DandelionSprout,tranco_rank=43523,
instalker.org,43590,,1,USOM,tranco_rank=43590,
clickby.net,43849,,1,USOM,tranco_rank=43849,
torrentclub.online,44146,,1,StopForumSpam_ToxicDomains,tranco_rank=44146,
shahidrazi.online,44567,,1,StopForumSpam_ToxicDomains,tranco_rank=44567,
trinixy.ru,44631,,1,StopForumSpam_ToxicDomains,tranco_rank=44631,
v46wd6uramzkmeeo.in,45017,,1,USOM,tranco_rank=45017,
flurryad.com,45072,,1,DandelionSprout,tranco_rank=45072,
solvusoft.com,45391,,3,DandelionSprout;KADhosts;QuidsUp,tranco_rank=45391,
skepticalscience.com,45574,,1,USOM,tranco_rank=45574,
tmailor.com,45792,,1,StopForumSpam_ToxicDomains,tranco_rank=45792,
lastmychancetoss.com,45989,,1,ThreatFox,tranco_rank=45989,
clksite.com,46087,,1,FadeMind,tranco_rank=46087,
dqmop.com,46161,,1,USOM,tranco_rank=46161,
mocreo.com,46511,,1,The_Block_List_Project_Fraud,tranco_rank=46511,
auslogics.com,46696,,2,DandelionSprout;QuidsUp,tranco_rank=46696,
rovno.xyz,46797,,1,DandelionSprout,tranco_rank=46797,
highstar.shop,46949,,1,StopForumSpam_ToxicDomains,tranco_rank=46949,
u7buy.com,47127,,1,The_Block_List_Project_Fraud,tranco_rank=47127,
ourdreamersai.com,47174,,1,DandelionSprout,tranco_rank=47174,
timeforchangecounselling.com,47344,,1,The_Block_List_Project_Fraud,tranco_rank=47344,
w3s.link,47457,,1,Phishing_Army,tranco_rank=47457,
audienceye.com,47621,,1,DandelionSprout,tranco_rank=47621,
myclickfunnels.com,47747,,1,USOM,tranco_rank=47747,
compaq.com,48027,,1,StopForumSpam_ToxicDomains,tranco_rank=48027,
smartape.net,48095,,1,USOM,tranco_rank=48095,
claritycheck.com,48479,,1,KADhosts,tranco_rank=48479,
hot.com,48919,,1,StopForumSpam_ToxicDomains,tranco_rank=48919,
weaplink.com,49010,,2,ThreatFox;USOM,tranco_rank=49010,
leaguelineup.com,49072,,1,USOM,tranco_rank=49072,
sportinglife.ca,49296,,1,The_Block_List_Project_Fraud,tranco_rank=49296,
dropmail.me,49550,,1,StopForumSpam_ToxicDomains,tranco_rank=49550,
conduit.com,49897,,1,FadeMind,tranco_rank=49897,
onthatass.com,50413,,1,DandelionSprout,tranco_rank=50413,
mailinator.com,50626,,1,StopForumSpam_ToxicDomains,tranco_rank=50626,
myassignmenthelp.com,50632,,1,The_Block_List_Project_Fraud,tranco_rank=50632,
kesug.com,51819,,1,USOM,tranco_rank=51819,
adzgame.com,52051,,1,DandelionSprout,tranco_rank=52051,
zivroq.com,52250,,1,DandelionSprout,tranco_rank=52250,
binomo.com,52578,,1,KADhosts,tranco_rank=52578,
youdontcare.com,52627,,1,USOM,tranco_rank=52627,
webgarden.com,52755,,1,StopForumSpam_ToxicDomains,tranco_rank=52755,
dub.sh,52963,,1,Phishing_Army,tranco_rank=52963,
anpmnmxo.biz,53041,,1,USOM,tranco_rank=53041,
falcoware.com,53242,,1,Mitchell_Krog,tranco_rank=53242,
zentrixads.com,53245,,1,DandelionSprout,tranco_rank=53245,
100ulife.com,53250,,1,USOM,tranco_rank=53250,
eximdigital.com,53489,,1,DandelionSprout,tranco_rank=53489,
blinq.me,54105,,1,Phishing_Army,tranco_rank=54105,
clixvista.com,54289,,1,DandelionSprout,tranco_rank=54289,
mediacpc.com,54505,,1,DandelionSprout,tranco_rank=54505,
louisvuittonreplicabag.com,54678,,1,The_Block_List_Project_Fraud,tranco_rank=54678,
dartsearch.net,54789,,1,QuidsUp,tranco_rank=54789,
16mb.com,54883,,1,The_Block_List_Project_Fraud,tranco_rank=54883,
lilo.org,55139,,1,StopForumSpam_ToxicDomains,tranco_rank=55139,
websalat.top,55151,,1,USOM,tranco_rank=55151,
papersowl.com,55190,,1,The_Block_List_Project_Fraud,tranco_rank=55190,
adokutcontextual.com,55663,,1,DandelionSprout,tranco_rank=55663,
dns-cloud.net,55772,,1,USOM,tranco_rank=55772,
sa1at.ru,55822,,1,USOM,tranco_rank=55822,
adexone.com,56278,,1,DandelionSprout,tranco_rank=56278,
subscribepage.com,57540,,1,KADhosts,tranco_rank=57540,
ln.run,58010,,2,Phishing_Army;USOM,tranco_rank=58010,
mohmal.com,58338,,1,StopForumSpam_ToxicDomains,tranco_rank=58338,
casinos.at,58471,,1,StopForumSpam_ToxicDomains,tranco_rank=58471,
pba.ph,59462,,1,USOM,tranco_rank=59462,
triplelift.com,59526,,1,USOM,tranco_rank=59526,
drivethelife.com,59529,,1,QuidsUp,tranco_rank=59529,
cm88.com,60056,,1,ThreatFox,tranco_rank=60056,
showmelocal.com,60355,,1,DandelionSprout,tranco_rank=60355,
driverpack.io,61381,,1,DandelionSprout,tranco_rank=61381,
5starhdporn.com,61923,,1,DandelionSprout,tranco_rank=61923,
wrat.in,62170,,1,USOM,tranco_rank=62170,
cdu.de,62704,,1,USOM,tranco_rank=62704,
winkleads.com,62841,,1,DandelionSprout,tranco_rank=62841,
pywolwnvd.biz,63833,,1,USOM,tranco_rank=63833,
adquint.com,64030,,1,DandelionSprout,tranco_rank=64030,
gjogvvpsf.biz,64148,,1,USOM,tranco_rank=64148,
everstylish.com,64446,,1,The_Block_List_Project_Fraud,tranco_rank=64446,
ssbzmoy.biz,64606,,1,USOM,tranco_rank=64606,
cvgrf.biz,64656,,1,USOM,tranco_rank=64656,
dlynankz.biz,64660,,1,USOM,tranco_rank=64660,
knjghuig.biz,64664,,1,USOM,tranco_rank=64664,
npukfztj.biz,64690,,1,USOM,tranco_rank=64690,
deoci.biz,64901,,1,USOM,tranco_rank=64901,
vcddkls.biz,64923,,1,USOM,tranco_rank=64923,
qaynky.biz,64945,,1,USOM,tranco_rank=64945,
saytjshyf.biz,64947,,1,USOM,tranco_rank=64947,
nqwjmb.biz,64949,,1,USOM,tranco_rank=64949,
xlfhhhm.biz,64955,,1,USOM,tranco_rank=64955,
ifsaia.biz,64964,,1,USOM,tranco_rank=64964,
epikads.com,64980,,1,DandelionSprout,tranco_rank=64980,
tbjrpv.biz,65001,,1,USOM,tranco_rank=65001,
ytctnunms.biz,65074,,1,USOM,tranco_rank=65074,
bumxkqgxu.biz,65102,,1,USOM,tranco_rank=65102,
oshhkdluh.biz,65134,,1,USOM,tranco_rank=65134,
dwrqljrr.biz,65150,,1,USOM,tranco_rank=65150,
gnqgo.biz,65249,,1,USOM,tranco_rank=65249,
smotret-video.ru,65259,,1,StopForumSpam_ToxicDomains,tranco_rank=65259,
yauexmxk.biz,65270,,1,USOM,tranco_rank=65270,
ftxlah.biz,65292,,1,USOM,tranco_rank=65292,
sxmiywsfv.biz,65298,,1,USOM,tranco_rank=65298,
jpskm.biz,65301,,1,USOM,tranco_rank=65301,
lrxdmhrr.biz,65303,,1,USOM,tranco_rank=65303,
wllvnzb.biz,65313,,1,USOM,tranco_rank=65313,
jhvzpcfg.biz,65314,,1,USOM,tranco_rank=65314,
esuzf.biz,65316,,1,USOM,tranco_rank=65316,
vyome.biz,65317,,1,USOM,tranco_rank=65317,
iuzpxe.biz,65322,,1,USOM,tranco_rank=65322,
mnjmhp.biz,65326,,1,USOM,tranco_rank=65326,
acwjcqqv.biz,65359,,1,USOM,tranco_rank=65359,
yhqqc.biz,65361,,1,USOM,tranco_rank=65361,
vrrazpdh.biz,65363,,1,USOM,tranco_rank=65363,
opowhhece.biz,65377,,1,USOM,tranco_rank=65377,
qpnczch.biz,65404,,1,USOM,tranco_rank=65404,
gcedd.biz,65413,,1,USOM,tranco_rank=65413,
oflybfv.biz,65414,,1,USOM,tranco_rank=65414,
typgfhb.biz,65418,,1,USOM,tranco_rank=65418,
pwlqfu.biz,65424,,1,USOM,tranco_rank=65424,
gvijgjwkh.biz,65441,,1,USOM,tranco_rank=65441,
rynmcq.biz,65446,,1,USOM,tranco_rank=65446,
ocsvqjg.biz,65453,,1,USOM,tranco_rank=65453,
damcprvgv.biz,65463,,1,USOM,tranco_rank=65463,
brsua.biz,65470,,1,USOM,tranco_rank=65470,
whjovd.biz,65479,,1,USOM,tranco_rank=65479,
reczwga.biz,65480,,1,USOM,tranco_rank=65480,
ywffr.biz,65495,,1,USOM,tranco_rank=65495,
eufxebus.biz,65513,,1,USOM,tranco_rank=65513,
zyiexezl.biz,65514,,1,USOM,tranco_rank=65514,
jdhhbs.biz,65521,,1,USOM,tranco_rank=65521,
pectx.biz,65524,,1,USOM,tranco_rank=65524,
bghjpy.biz,65528,,1,USOM,tranco_rank=65528,
warkcdu.biz,65547,,1,USOM,tranco_rank=65547,
ctdtgwag.biz,65561,,1,USOM,tranco_rank=65561,
mydates.com,66228,,1,KADhosts,tranco_rank=66228,
vidaxl.pl,66438,,1,KADhosts,tranco_rank=66438,
xccjj.biz,67800,,1,USOM,tranco_rank=67800,
incruises.com,67961,,1,KADhosts,tranco_rank=67961,
scan.page,68272,,1,Phishing_Army,tranco_rank=68272,
fastvps-server.com,68545,,1,DandelionSprout,tranco_rank=68545,
hightid.xyz,69194,,1,DandelionSprout,tranco_rank=69194,
oceanofgames.com,70615,,1,The_Block_List_Project_Fraud,tranco_rank=70615,
programmaticnexus.com,71029,,1,DandelionSprout,tranco_rank=71029,
guerrillamail.com,71108,,1,StopForumSpam_ToxicDomains,tranco_rank=71108,
jackpotbetonline.com,71538,,1,StopForumSpam_ToxicDomains,tranco_rank=71538,
crowd1.com,72195,,1,KADhosts,tranco_rank=72195,
ordinalblockingprobable.com,72236,,1,DandelionSprout,tranco_rank=72236,
payforessay.net,73093,,1,The_Block_List_Project_Fraud,tranco_rank=73093,
novibet.com,73498,,1,StopForumSpam_ToxicDomains,tranco_rank=73498,
socialrus.com,73812,,1,The_Block_List_Project_Fraud,tranco_rank=73812,
1xbet.cm,73948,,1,DandelionSprout,tranco_rank=73948,
alihkan.com,74284,,1,StopForumSpam_ToxicDomains,tranco_rank=74284,
topqualitylink.com,75183,,1,FadeMind,tranco_rank=75183,
meridianbet.rs,75397,,1,StopForumSpam_ToxicDomains,tranco_rank=75397,
mandriva.com,75570,,1,DandelionSprout,tranco_rank=75570,
websitehome.co.uk,75571,,1,FadeMind,tranco_rank=75571,
proauditkg.com,75602,,1,USOM,tranco_rank=75602,
ravinads.com,76383,,1,USOM,tranco_rank=76383,
vkserfing.ru,76692,,1,The_Block_List_Project_Fraud,tranco_rank=76692,
onmilwaukee.com,76783,,1,StopForumSpam_ToxicDomains,tranco_rank=76783,
bitcasino.io,76929,,1,StopForumSpam_ToxicDomains,tranco_rank=76929,
dcylog.com,77751,,1,USOM,tranco_rank=77751,
pococo.cc,78044,,1,USOM,tranco_rank=78044,
gg.bet,78531,,1,KADhosts,tranco_rank=78531,
pagemaster.net,78600,,1,DandelionSprout,tranco_rank=78600,
xlabslover.lol,78951,,1,USOM,tranco_rank=78951,
mann-ivanov-ferber.ru,79330,,1,StopForumSpam_ToxicDomains,tranco_rank=79330,
fwiwk.biz,79732,,1,USOM,tranco_rank=79732,
hehckyov.biz,79793,,1,USOM,tranco_rank=79793,
ecxbwt.biz,79827,,1,USOM,tranco_rank=79827,
jwkoeoqns.biz,79835,,1,USOM,tranco_rank=79835,
uaafd.biz,79861,,1,USOM,tranco_rank=79861,
rrqafepng.biz,79889,,1,USOM,tranco_rank=79889,
mgmsclkyu.biz,79937,,1,USOM,tranco_rank=79937,
tnevuluw.biz,79958,,1,USOM,tranco_rank=79958,
desi-porn.tube,80105,,1,USOM,tranco_rank=80105,
paok24.com,80165,,1,ThreatFox,tranco_rank=80165,
vjaxhpbji.biz,80431,,1,USOM,tranco_rank=80431,
lpuegx.biz,80477,,1,USOM,tranco_rank=80477,
rtbfactory.com,80575,,1,DandelionSprout,tranco_rank=80575,
haydigiy.com,80807,,1,StopForumSpam_ToxicDomains,tranco_rank=80807,
driversupport.com,80930,,2,DandelionSprout;The_Block_List_Project_Fraud,tranco_rank=80930,
like4like.org,80933,,1,The_Block_List_Project_Fraud,tranco_rank=80933,
goologer.com,81401,,1,USOM,tranco_rank=81401,
dnslink.com,81752,,1,DandelionSprout,tranco_rank=81752,
homietv.com,83670,,1,Miroslav_Stampar,tranco_rank=83670,
gogogo.id,83820,,1,Miroslav_Stampar,tranco_rank=83820,
blizzboygames.net,83972,,1,DandelionSprout,tranco_rank=83972,
esf-kg.com,84059,,1,USOM,tranco_rank=84059,
789p.center,84596,,1,ThreatFox,tranco_rank=84596,
csgotraders.net,84722,,1,Hexxium_Creations,tranco_rank=84722,
childreninachangingclimate.org,85142,,1,ThreatFox,tranco_rank=85142,
brightadnetwork.com,85204,,1,The_Block_List_Project_Fraud,tranco_rank=85204,
ikuhentai.net,85357,,1,Miroslav_Stampar,tranco_rank=85357,
solemarbeach.com,85526,,1,ThreatFox,tranco_rank=85526,
jurasudfoot.com,85617,,1,ThreatFox,tranco_rank=85617,
dasdaily.com,85628,,1,DandelionSprout,tranco_rank=85628,
mymom.info,86526,,1,The_Block_List_Project_Fraud,tranco_rank=86526,
adxpoint.com,86984,,1,DandelionSprout,tranco_rank=86984,
adtube.media,87302,,1,DandelionSprout,tranco_rank=87302,
clickadu.com,87307,,1,FadeMind,tranco_rank=87307,
speedyshare.com,87681,,1,KADhosts,tranco_rank=87681,
csb.app,87926,,1,USOM,tranco_rank=87926,
cli.re,88051,,1,Phishing_Army,tranco_rank=88051,
auditnotice-kg.com,89217,,1,USOM,tranco_rank=89217,
simplelogin.co,90049,,1,StopForumSpam_ToxicDomains,tranco_rank=90049,
roksa.sx,90521,,1,KADhosts,tranco_rank=90521,
allmy.bio,90667,,1,Phishing_Army,tranco_rank=90667,
biomolecular-archaeology.com,91426,,1,ThreatFox,tranco_rank=91426,
allassignmenthelp.com,92089,,1,The_Block_List_Project_Fraud,tranco_rank=92089,
bdsm.pl,92699,,1,KADhosts,tranco_rank=92699,
fastfollow.in,93112,,1,USOM,tranco_rank=93112,
rggo5269.com,94101,,1,GlobalAntiScamOrg,tranco_rank=94101,
takipcikrali.com,94343,,1,USOM,tranco_rank=94343,
takipcimx.net,94344,,1,USOM,tranco_rank=94344,
onlinewebshop.net,95033,,1,The_Block_List_Project_Fraud,tranco_rank=95033,
rain.network,95187,,1,StopForumSpam_ToxicDomains,tranco_rank=95187,
soft32.com,95442,,1,The_Block_List_Project_Fraud,tranco_rank=95442,
zooki.xyz,95475,,1,StopForumSpam_ToxicDomains,tranco_rank=95475,
animes-sama.fr,95828,,1,Redflag,tranco_rank=95828,
xmladsystem.com,96243,,1,DandelionSprout,tranco_rank=96243,
funmem.com,96491,,1,DandelionSprout,tranco_rank=96491,
ihavefriendseverywhere.xyz,96525,,1,USOM,tranco_rank=96525,
flash.cn,96883,,1,DandelionSprout,tranco_rank=96883,
advmob.cn,97244,,1,QuidsUp,tranco_rank=97244,
servicedoc-kg.com,97750,,1,USOM,tranco_rank=97750,
isat.ie,97858,,1,ThreatFox,tranco_rank=97858,
takipciking.com,98918,,1,USOM,tranco_rank=98918,
pornamigo.com,99684,,1,DandelionSprout,tranco_rank=99684,
jsmcrptjmp.com,99783,,1,DandelionSprout,tranco_rank=99783,
giantpanda.media,100225,,1,DandelionSprout,tranco_rank=100225,
acusense.ae,100684,,1,USOM,tranco_rank=100684,
dagatructiep.boston,100918,,1,ThreatFox,tranco_rank=100918,
gyantak.com,100974,,1,Miroslav_Stampar,tranco_rank=100974,
123helpme.com,101437,,1,The_Block_List_Project_Fraud,tranco_rank=101437,
ashfordbathroomcentre.co.uk,101769,,1,ThreatFox,tranco_rank=101769,
animepicks.co.uk,101840,,1,ThreatFox,tranco_rank=101840,
7mcn.cam,102062,,1,ThreatFox,tranco_rank=102062,
alo789xanh.com,102098,,1,ThreatFox,tranco_rank=102098,
aroundtheworldinveganeats.com,102125,,1,ThreatFox,tranco_rank=102125,
bandep.net,102145,,1,ThreatFox,tranco_rank=102145,
bullbarsa.co.za,102195,,1,ThreatFox,tranco_rank=102195,
caoviethoang-chinhhang.com,102199,,1,ThreatFox,tranco_rank=102199,
choiboi.net,102219,,1,ThreatFox,tranco_rank=102219,
cuatropinos.com,102249,,1,ThreatFox,tranco_rank=102249,
dictionaryofeducation.co.uk,102271,,1,ThreatFox,tranco_rank=102271,
dnailsgulfbreeze.com,102280,,1,ThreatFox,tranco_rank=102280,
iepbritanico.com,102496,,1,ThreatFox,tranco_rank=102496,
jpwcoffee.com,102540,,1,ThreatFox,tranco_rank=102540,
lifestylefmg.com,102631,,1,ThreatFox,tranco_rank=102631,
webcottages.co.uk,103168,,1,ThreatFox,tranco_rank=103168,
xoilaczzzpt.tv,103204,,1,ThreatFox,tranco_rank=103204,
yourgymstory.com,103225,,1,ThreatFox,tranco_rank=103225,
dotzup.com,103467,,1,FadeMind,tranco_rank=103467,
ezlink.ca,103536,,1,USOM,tranco_rank=103536,
darktr.top,104195,,1,USOM,tranco_rank=104195,
videoproc.com,104574,,1,StopForumSpam_ToxicDomains,tranco_rank=104574,
4life.com,105275,,1,KADhosts,tranco_rank=105275,
sleepyinternetfun.xyz,105563,,1,StopForumSpam_ToxicDomains,tranco_rank=105563,
salator.es,106002,,1,USOM,tranco_rank=106002,
tracksummer.com,106720,,1,USOM,tranco_rank=106720,
webeden.co.uk,106946,,2,The_Block_List_Project_Fraud;USOM,tranco_rank=106946,
lanzous.com,107182,,1,USOM,tranco_rank=107182,
linksta.cc,107869,,1,Phishing_Army,tranco_rank=107869,
ttyunos.com,108346,,1,USOM,tranco_rank=108346,
prohoster.info,108881,,1,The_Block_List_Project_Fraud,tranco_rank=108881,
loveme.com,109077,,1,StopForumSpam_ToxicDomains,tranco_rank=109077,
przvgke.biz,109090,,1,USOM,tranco_rank=109090,
api-gateway-prod.com,109228,,1,ThreatFox,tranco_rank=109228,
uhxqin.biz,109638,,1,USOM,tranco_rank=109638,
sitestory.xyz,110042,,1,USOM,tranco_rank=110042,
1994collective13.com,110507,,1,USOM,tranco_rank=110507,
appjiagu.com,110633,,1,USOM,tranco_rank=110633,
1xbet.mobi,111133,,1,DandelionSprout,tranco_rank=111133,
navnow.xyz,111420,,1,USOM,tranco_rank=111420,
theacademicpapers.co.uk,113608,,1,The_Block_List_Project_Fraud,tranco_rank=113608,
inwayhosting.com,113761,,1,Phishing_Army,tranco_rank=113761,
essayservice.com,113940,,1,The_Block_List_Project_Fraud,tranco_rank=113940,
registry.godaddy,113955,,1,StopForumSpam_ToxicDomains,tranco_rank=113955,
bitemores.com,114241,,1,USOM,tranco_rank=114241,
rtbrenab.net,114255,,1,DandelionSprout,tranco_rank=114255,
vktarget.ru,114447,,1,The_Block_List_Project_Fraud,tranco_rank=114447,
resultsfastfind.com,115149,,1,DandelionSprout,tranco_rank=115149,
redirhub.top,115270,,1,KADhosts,tranco_rank=115270,
myq-see.com,115273,,1,USOM,tranco_rank=115273,
adscholars.com,115650,,1,DandelionSprout,tranco_rank=115650,
groupe-casino.fr,115795,,1,StopForumSpam_ToxicDomains,tranco_rank=115795,
gettopple.com,115802,,1,DandelionSprout,tranco_rank=115802,
vulkanvegas.com,116320,,1,KADhosts,tranco_rank=116320,
exportgenius.in,116514,,1,USOM,tranco_rank=116514,
trckrry.com,116525,,1,DandelionSprout,tranco_rank=116525,
blastmedia.site,117062,,1,DandelionSprout,tranco_rank=117062,
adportonic.com,117505,,1,DandelionSprout,tranco_rank=117505,
sevenmentor.com,118581,,1,StopForumSpam_ToxicDomains,tranco_rank=118581,
track-victoriadates.com,118735,,1,The_Block_List_Project_Fraud,tranco_rank=118735,
chip-secured-download.de,118778,,1,DandelionSprout,tranco_rank=118778,
segurazo.com,119610,,1,Hexxium_Creations,tranco_rank=119610,
mobio-salive.com,119905,,1,DandelionSprout,tranco_rank=119905,
mypressonline.com,120059,,1,USOM,tranco_rank=120059,
adcell.de,120138,,1,FadeMind,tranco_rank=120138,
fruitlessleanslender.com,120153,,1,DandelionSprout,tranco_rank=120153,
ripamatic.com,121058,,1,DandelionSprout,tranco_rank=121058,
adtapmedia.com,122574,,1,DandelionSprout,tranco_rank=122574,
nativepath.com,122810,,1,DandelionSprout,tranco_rank=122810,
zancetom.com,124396,,1,USOM,tranco_rank=124396,
disorderstatus.ru,124640,,1,USOM,tranco_rank=124640,
letssearch.com,124857,,1,FadeMind,tranco_rank=124857,
sureman.net,125270,,1,The_Block_List_Project_Fraud,tranco_rank=125270,
xn--r1a.website,125433,,1,USOM,tranco_rank=125433,
myfreesites.net,125469,,1,KADhosts,tranco_rank=125469,
buzzoid.com,125503,,1,The_Block_List_Project_Fraud,tranco_rank=125503,
ridefox.com,125794,,1,USOM,tranco_rank=125794,
upperserver29.com,126075,,1,Hexxium_Creations,tranco_rank=126075,
twttr.com,126485,,1,FadeMind,tranco_rank=126485,
straitpaltrybelief.com,127096,,1,DandelionSprout,tranco_rank=127096,
habiculpize.com,127265,,1,DandelionSprout,tranco_rank=127265,
globlemath.com,128214,,1,DandelionSprout,tranco_rank=128214,
cleantalkorg2.ru,128491,,1,StopForumSpam_ToxicDomains,tranco_rank=128491,
tryphptoday.com,128508,,1,USOM,tranco_rank=128508,
webbankir.com,129480,,1,The_Block_List_Project_Fraud,tranco_rank=129480,
salat.cn,129940,,1,USOM,tranco_rank=129940,
hookupers.com,130167,,1,KADhosts,tranco_rank=130167,
cleansite.us,130231,,1,FadeMind,tranco_rank=130231,
darktr.cc,130333,,1,USOM,tranco_rank=130333,
goassignmenthelp.com.au,130820,,1,The_Block_List_Project_Fraud,tranco_rank=130820,
anonmails.de,131091,,1,StopForumSpam_ToxicDomains,tranco_rank=131091,
7zip.cloud,131315,,1,ThreatFox,tranco_rank=131315,
mmogah.com,131455,,1,The_Block_List_Project_Fraud,tranco_rank=131455,
monitorfx.pl,131461,,1,KADhosts,tranco_rank=131461,
ybdfinds.com,131847,,1,ThreatFox,tranco_rank=131847,
topdealad.com,131900,,1,DandelionSprout,tranco_rank=131900,
maginp.com,132002,,1,DandelionSprout,tranco_rank=132002,
atomicmail.io,132022,,1,StopForumSpam_ToxicDomains,tranco_rank=132022,
rpgstash.com,132137,,1,The_Block_List_Project_Fraud,tranco_rank=132137,
jpbassin.com,132179,,2,ThreatFox;USOM,tranco_rank=132179,
vn-vlxx.com,132552,,1,ThreatFox,tranco_rank=132552,
roscosmosmeet.online,133661,,1,USOM,tranco_rank=133661,
lihi.cc,133799,,2,Phishing_Army;USOM,tranco_rank=133799,
442fe7151fb1e9b5.com,134095,,1,USOM,tranco_rank=134095,
aa86a52a98162b7d.com,134178,,1,USOM,tranco_rank=134178,
peersteers.org,134200,,1,StopForumSpam_ToxicDomains,tranco_rank=134200,
instabang.com,134464,,1,Hexxium_Creations,tranco_rank=134464,
0aa0cf0637d66c0d.com,134695,,1,USOM,tranco_rank=134695,
tempmail.plus,134779,,1,StopForumSpam_ToxicDomains,tranco_rank=134779,
cuty.io,135596,,1,Phishing_Army,tranco_rank=135596,
icecasino.com,135603,,1,KADhosts,tranco_rank=135603,
dpam.com,136636,,1,StopForumSpam_ToxicDomains,tranco_rank=136636,
encurtador.dev,136664,,1,Phishing_Army,tranco_rank=136664,
userscss.top,137106,,1,USOM,tranco_rank=137106,
sorvetenopote.com,137250,,1,USOM,tranco_rank=137250,
npaym.com,137484,,1,ThreatFox,tranco_rank=137484,
voyagewinds.co,137634,,1,DandelionSprout,tranco_rank=137634,
psee.io,137795,,1,Phishing_Army,tranco_rank=137795,
singleflirt.com,137855,,2,Hexxium_Creations;KADhosts,tranco_rank=137855,
osir.net.br,138321,,1,StopForumSpam_ToxicDomains,tranco_rank=138321,
ushort.company,139366,,1,Phishing_Army,tranco_rank=139366,
victoriyaclub.com,139530,,1,DandelionSprout,tranco_rank=139530,
mientaynet.com,139657,,1,Phishing_Army,tranco_rank=139657,
eaeuafhuaegfugeudd.io,139786,,1,ThreatFox,tranco_rank=139786,
istripper.com,139934,,1,Hexxium_Creations,tranco_rank=139934,
gaohrhurhuhruhfsdh.co,140662,,1,ThreatFox,tranco_rank=140662,
onclickperformance.com,140934,,1,USOM,tranco_rank=140934,
kdmttk.com,141066,,1,DandelionSprout,tranco_rank=141066,
freeroms.com,141178,,1,DandelionSprout,tranco_rank=141178,
intogeticor.com,141694,,1,DandelionSprout,tranco_rank=141694,
ourtimesupport.com,142204,,1,StopForumSpam_ToxicDomains,tranco_rank=142204,
habooz.com,142372,,1,The_Block_List_Project_Fraud,tranco_rank=142372,
upcloud.host,142993,,1,DandelionSprout,tranco_rank=142993,
google-services.cc,144053,,2,Abuse.ch;USOM,tranco_rank=144053,
hacklinkpaketleri.com,144505,,1,USOM,tranco_rank=144505,
hardonline.com.br,144769,,1,StopForumSpam_ToxicDomains,tranco_rank=144769,
wsipv6.com,144780,,1,USOM,tranco_rank=144780,
silverwhitebirds.co,144805,,1,DandelionSprout,tranco_rank=144805,
xoilacxyr.tv,145819,,1,ThreatFox,tranco_rank=145819,
cdiabetes.com,146080,,1,FadeMind,tranco_rank=146080,
kadam.net,146183,,1,DandelionSprout,tranco_rank=146183,
isahd.ae,146223,,1,USOM,tranco_rank=146223,
toronbclk.com,146440,,1,DandelionSprout,tranco_rank=146440,
varchasvacorp.com,147573,,1,The_Block_List_Project_Fraud,tranco_rank=147573,
explorads.com,148028,,1,DandelionSprout,tranco_rank=148028,
centralgoogle.com,148548,,1,USOM,tranco_rank=148548,
webhop.me,148905,,1,DandelionSprout,tranco_rank=148905,
sprintcdn.com,149226,,1,StopForumSpam_ToxicDomains,tranco_rank=149226,
fanyv88.com,149918,,1,USOM,tranco_rank=149918,
sidesteamroll.com,149968,,1,DandelionSprout,tranco_rank=149968,
bitly.cx,149998,,1,Phishing_Army,tranco_rank=149998,
s24.cloud,150623,,1,DandelionSprout,tranco_rank=150623,
iliafmoj.forum,151395,,1,USOM,tranco_rank=151395,
enigmasoftware.com,152403,,1,FadeMind,tranco_rank=152403,
gamil.com,152550,,1,StopForumSpam_ToxicDomains,tranco_rank=152550,
od.lk,153415,,1,USOM,tranco_rank=153415,
fqtag.com,153497,,1,FadeMind,tranco_rank=153497,
leoyard.com,154186,,1,DandelionSprout,tranco_rank=154186,
22web.org,154287,,1,USOM,tranco_rank=154287,
portgame.website,154783,,1,USOM,tranco_rank=154783,
drunkenstepfather.com,155528,,1,FadeMind,tranco_rank=155528,
katch.ne.jp,155815,,1,USOM,tranco_rank=155815,
zoomsupport.com,156124,,2,Hexxium_Creations;The_Block_List_Project_Fraud,tranco_rank=156124,
casino.ua,156182,,1,StopForumSpam_ToxicDomains,tranco_rank=156182,
searchsqout.com,156948,,1,USOM,tranco_rank=156948,
bestdeals.today,157370,,1,The_Block_List_Project_Fraud,tranco_rank=157370,
fud2026.com,157478,,1,USOM,tranco_rank=157478,
skrotrack.com,157674,,1,USOM,tranco_rank=157674,
spacewb.tech,158454,,1,USOM,tranco_rank=158454,
syloger.com,159486,,1,USOM,tranco_rank=159486,
topnewsource.com,159783,,1,KADhosts,tranco_rank=159783,
po.trade,159937,,1,KADhosts,tranco_rank=159937,
allsquaregolf.com,160744,,1,StopForumSpam_ToxicDomains,tranco_rank=160744,
clungfellow.com,160844,,1,DandelionSprout,tranco_rank=160844,
kasinohai.com,161397,,1,StopForumSpam_ToxicDomains,tranco_rank=161397,
venro.ru,161759,,1,The_Block_List_Project_Fraud,tranco_rank=161759,
survey-smiles.com,161888,,1,USOM,tranco_rank=161888,
imobiliariaricardoparanhos.com,162411,,1,USOM,tranco_rank=162411,
hackerbot.net,162511,,1,KADhosts,tranco_rank=162511,
investonline.in,162554,,1,ThreatFox,tranco_rank=162554,
123cha.com,163129,,1,Mitchell_Krog,tranco_rank=163129,
adblockanalytics.com,163661,,1,FadeMind,tranco_rank=163661,
thekingsworld.de,163799,,1,Phishing_Army,tranco_rank=163799,
minixetepate.biz,163870,,1,USOM,tranco_rank=163870,
roninhk.com,164156,,1,ThreatFox,tranco_rank=164156,
arkanix.pw,164382,,1,USOM,tranco_rank=164382,
migre.me,164856,,1,The_Block_List_Project_Fraud,tranco_rank=164856,
softupdate-online.top,164872,,1,USOM,tranco_rank=164872,
biavid.info,165675,,1,USOM,tranco_rank=165675,
gwos.com,166014,,1,ThreatFox,tranco_rank=166014,
bestony.club,166034,,1,USOM,tranco_rank=166034,
dllpgd.click,167523,,1,USOM,tranco_rank=167523,
wemesh.com,168416,,1,StopForumSpam_ToxicDomains,tranco_rank=168416,
globalmoby.xyz,168483,,1,USOM,tranco_rank=168483,
nametests.com,169412,,1,KADhosts,tranco_rank=169412,
vsesdal.com,169799,,1,The_Block_List_Project_Fraud,tranco_rank=169799,
choctawcasinos.com,169851,,1,StopForumSpam_ToxicDomains,tranco_rank=169851,
workdeadlinededicate.com,170011,,1,DandelionSprout,tranco_rank=170011,
nativemem.com,170583,,1,DandelionSprout,tranco_rank=170583,
canetads.com,170716,,1,CERT_Polska,tranco_rank=170716,
rsw-systems.com,171039,,1,The_Block_List_Project_Fraud,tranco_rank=171039,
nishabii.xyz,171053,,1,USOM,tranco_rank=171053,
pzbx.xyz,171097,,1,USOM,tranco_rank=171097,
gosportal.net,172206,,1,USOM,tranco_rank=172206,
saltel.net,172547,,1,StopForumSpam_ToxicDomains,tranco_rank=172547,
trustconnectsoftware.com,173109,,2,ThreatFox;USOM,tranco_rank=173109,
recepatission.info,173330,,1,USOM,tranco_rank=173330,
motinkon.com,173820,,1,USOM,tranco_rank=173820,
goarticles.com,174490,,1,The_Block_List_Project_Fraud,tranco_rank=174490,
agilitydigitalmedia.com,174549,,1,DandelionSprout,tranco_rank=174549,
aieov.com,174890,,2,DandelionSprout;USOM,tranco_rank=174890,
antivirusace.com,175311,,1,The_Block_List_Project_Fraud,tranco_rank=175311,
yasir252.com,176706,,1,DandelionSprout,tranco_rank=176706,
eln3ax.com,177628,,1,DandelionSprout,tranco_rank=177628,
tuead.xyz,177878,,1,USOM,tranco_rank=177878,
antigutation.info,178682,,1,USOM,tranco_rank=178682,
713mtauburnctcolumbusoh43085.st,178869,,1,USOM,tranco_rank=178869,
mixo.io,179474,,1,Phishing_Army,tranco_rank=179474,
embarqmail.com,179789,,1,StopForumSpam_ToxicDomains,tranco_rank=179789,
ndibstersoft.com,179996,,1,USOM,tranco_rank=179996,
whomadeyoumirabelli.com,180190,,1,DandelionSprout,tranco_rank=180190,
starbet.rs,180818,,1,USOM,tranco_rank=180818,
emergent.host,180882,,1,USOM,tranco_rank=180882,
bdrv7wlbszfotkqf.uk,182645,,1,USOM,tranco_rank=182645,
onclickalgo.com,183162,,1,USOM,tranco_rank=183162,
massgames.space,183903,,1,USOM,tranco_rank=183903,
getemail.io,184453,,1,The_Block_List_Project_Fraud,tranco_rank=184453,
biijethexe.click,184477,,1,DandelionSprout,tranco_rank=184477,
binarium.com,184530,,1,KADhosts,tranco_rank=184530,
pcmatic.com,184578,,1,FadeMind,tranco_rank=184578,
electis.xyz,184980,,1,USOM,tranco_rank=184980,
kryptex.org,185573,,1,The_Block_List_Project_Fraud,tranco_rank=185573,
didli.xyz,185647,,1,USOM,tranco_rank=185647,
spgames.site,185914,,1,USOM,tranco_rank=185914,
slursbeback.ru,186099,,1,ThreatFox,tranco_rank=186099,
regkjw.xyz,186639,,1,USOM,tranco_rank=186639,
crowngm.xyz,187006,,1,USOM,tranco_rank=187006,
epicunitscan.info,187242,,1,QuidsUp,tranco_rank=187242,
ok365.org,187681,,1,ThreatFox,tranco_rank=187681,
wildpettykiwi.info,187932,,1,USOM,tranco_rank=187932,
battrf.xyz,188296,,1,USOM,tranco_rank=188296,
nodepositbonus.cc,188369,,1,The_Block_List_Project_Fraud,tranco_rank=188369,
gitak.top,188534,,1,Miroslav_Stampar,tranco_rank=188534,
ublock.org,188542,,2,DandelionSprout;KADhosts,tranco_rank=188542,
opcez.xyz,188819,,1,USOM,tranco_rank=188819,
bedavapanel.site,189278,,1,USOM,tranco_rank=189278,
vidloom.com,189434,,2,CERT_Polska;Phishing_Army,tranco_rank=189434,
contnm.xyz,190198,,1,USOM,tranco_rank=190198,
casinocanada.com,190418,,1,StopForumSpam_ToxicDomains,tranco_rank=190418,
phishline.com,190670,,1,DandelionSprout,tranco_rank=190670,
telusplanet.net,190929,,1,USOM,tranco_rank=190929,
capxw.xyz,191148,,1,USOM,tranco_rank=191148,
audiomain.website,191349,,1,USOM,tranco_rank=191349,
apple-online.shop,191485,,1,USOM,tranco_rank=191485,
forest-entity.cc,191566,,2,ThreatFox;USOM,tranco_rank=191566,
pluepf.xyz,191903,,1,USOM,tranco_rank=191903,
archgenpsychiatyr.com,192639,,1,ThreatFox,tranco_rank=192639,
freer.in,192766,,1,The_Block_List_Project_Fraud,tranco_rank=192766,
shopmanhcuong.com,193104,,1,ThreatFox,tranco_rank=193104,
usheebainaut.com,193200,,1,DandelionSprout,tranco_rank=193200,
wrenthu.xyz,193463,,1,USOM,tranco_rank=193463,
vuegebjexe.click,193473,,1,DandelionSprout,tranco_rank=193473,
gvaq70s7he.ru,193687,,1,USOM,tranco_rank=193687,
vialto.com,194058,,1,StopForumSpam_ToxicDomains,tranco_rank=194058,
essayswriting.org,194482,,1,The_Block_List_Project_Fraud,tranco_rank=194482,
nepjz.xyz,194932,,1,USOM,tranco_rank=194932,
vulkanvegas100.pl,195214,,1,KADhosts,tranco_rank=195214,
snos.ru,195478,,1,StopForumSpam_ToxicDomains,tranco_rank=195478,
help-document.com,195509,,1,The_Block_List_Project_Fraud,tranco_rank=195509,
tripolis.com,196270,,1,StopForumSpam_ToxicDomains,tranco_rank=196270,
specialword.xyz,196373,,1,USOM,tranco_rank=196373,
dcqapz.shop,196497,,1,Miroslav_Stampar,tranco_rank=196497,
islandmob.com,197618,,2,KADhosts;The_Block_List_Project_Fraud,tranco_rank=197618,
hyperfollow.com,197711,,1,Phishing_Army,tranco_rank=197711,
did.li,197733,,1,Phishing_Army,tranco_rank=197733,
titco.xyz,197822,,1,USOM,tranco_rank=197822,
fourwindscasino.com,197902,,1,StopForumSpam_ToxicDomains,tranco_rank=197902,
vfgth.com,198582,,1,DandelionSprout,tranco_rank=198582,
crushnearby.com,199016,,1,Hexxium_Creations,tranco_rank=199016,
jmeservicios.com,199134,,1,USOM,tranco_rank=199134,
textileaffairs.com,200426,,1,ThreatFox,tranco_rank=200426,
highsea.fun,200465,,1,DandelionSprout,tranco_rank=200465,
totemcash.com,200649,,1,FadeMind,tranco_rank=200649,
economywatch.com,200949,,1,KADhosts,tranco_rank=200949,
freescanonline.com,201605,,1,USOM,tranco_rank=201605,
gmai.com,201848,,2,QuidsUp;StopForumSpam_ToxicDomains,tranco_rank=201848,
myaddr.io,202093,,1,USOM,tranco_rank=202093,
teamtnt.red,202413,,1,USOM,tranco_rank=202413,
civilrightsmuseum.org,202893,,1,The_Block_List_Project_Fraud,tranco_rank=202893,
speedypaper.com,203422,,1,The_Block_List_Project_Fraud,tranco_rank=203422,
takebad1.com,203508,,1,USOM,tranco_rank=203508,
thedoccloud.com,203737,,1,USOM,tranco_rank=203737,
deftsecurity.com,203888,,1,USOM,tranco_rank=203888,
7standby.com,203958,,1,USOM,tranco_rank=203958,
phonemus.net,203985,,1,USOM,tranco_rank=203985,
sweepstakesalerts.com,204437,,2,The_Block_List_Project_Fraud;The_Block_List_Project_Scam,tranco_rank=204437,
impossibilitypollute.com,204836,,1,DandelionSprout,tranco_rank=204836,
highdatabase.com,205027,,1,USOM,tranco_rank=205027,
torrentclub.space,205221,,1,StopForumSpam_ToxicDomains,tranco_rank=205221,
vulkanvegas15.pl,205244,,1,KADhosts,tranco_rank=205244,
sysbinder.xyz,205862,,1,USOM,tranco_rank=205862,
100kursov.com,205941,,1,The_Block_List_Project_Fraud,tranco_rank=205941,
ciskotik.com,206208,,1,USOM,tranco_rank=206208,
nafuq.xyz,206753,,1,USOM,tranco_rank=206753,
customwritings.com,207368,,1,The_Block_List_Project_Fraud,tranco_rank=207368,
filmkachat.ru,207434,,1,StopForumSpam_ToxicDomains,tranco_rank=207434,
whyers.io,207559,,1,USOM,tranco_rank=207559,
abcproxy.com,208628,,1,USOM,tranco_rank=208628,
iamallama.com,209467,,1,Phishing_Army,tranco_rank=209467,
up1gf7.vip,209642,,1,USOM,tranco_rank=209642,
outplayed.com,209749,,1,KADhosts,tranco_rank=209749,
1awesome.net,210496,,1,USOM,tranco_rank=210496,
nopanel-98453.top,210502,,1,USOM,tranco_rank=210502,
trckprf.com,210600,,1,DandelionSprout,tranco_rank=210600,
zaqa.gov.zm,211188,,1,The_Block_List_Project_Fraud,tranco_rank=211188,
znajdzsingielke.com,211190,,1,KADhosts,tranco_rank=211190,
eyesvision.ru,211551,,1,StopForumSpam_ToxicDomains,tranco_rank=211551,
biolink.website,211647,,1,Phishing_Army,tranco_rank=211647,
bombitup.net,212372,,1,USOM,tranco_rank=212372,
flirtpolski.com,213125,,1,KADhosts,tranco_rank=213125,
fusskleidung.de,213181,,1,The_Block_List_Project_Fraud,tranco_rank=213181,
genrage.com,213250,,1,USOM,tranco_rank=213250,
instamoda.org,213603,,1,USOM,tranco_rank=213603,
sexkontakty.com,215293,,1,The_Block_List_Project_Fraud,tranco_rank=215293,
takip88.com,215632,,1,USOM,tranco_rank=215632,
takipcimx.com,215633,,1,USOM,tranco_rank=215633,
takipcitime.com,215634,,1,USOM,tranco_rank=215634,
takipcitime.net,215635,,1,USOM,tranco_rank=215635,
24x7wpsupport.com,216874,,1,The_Block_List_Project_Fraud,tranco_rank=216874,
tvdseo.com,217325,,1,USOM,tranco_rank=217325,
eyesvisions.com,217887,,1,StopForumSpam_ToxicDomains,tranco_rank=217887,
webmedxml.com,217988,,1,DandelionSprout,tranco_rank=217988,
bayarea.net,218178,,1,StopForumSpam_ToxicDomains,tranco_rank=218178,
hostingcloud.racing,218476,,2,QuidsUp;USOM,tranco_rank=218476,
updating-services.com,218511,,1,USOM,tranco_rank=218511,
52wmb.com,219042,,1,USOM,tranco_rank=219042,
vulkanvegaspl.com,219290,,1,KADhosts,tranco_rank=219290,
databasegalore.com,219324,,1,USOM,tranco_rank=219324,
johanclothing.shop,219557,,1,USOM,tranco_rank=219557,
panhardware.com,219956,,1,USOM,tranco_rank=219956,
xn--krken23-bn4c.com,220006,,1,StopForumSpam_ToxicDomains,tranco_rank=220006,
phrix-lnc.com,220112,,1,DandelionSprout,tranco_rank=220112,
zupertech.com,220367,,1,USOM,tranco_rank=220367,
incomeupdate.com,220996,,1,USOM,tranco_rank=220996,
topsolutionsmedia.com,221068,,1,DandelionSprout,tranco_rank=221068,
arabpornhub.com,221411,,1,The_Block_List_Project_Fraud,tranco_rank=221411,
cottagenet.ru,221639,,1,StopForumSpam_ToxicDomains,tranco_rank=221639,
linksredirect.com,221778,,1,Phishing_Army,tranco_rank=221778,
minexmr.com,221936,,1,USOM,tranco_rank=221936,
mennyudosirso.shop,222031,,1,USOM,tranco_rank=222031,
topessaywriting.org,222238,,1,The_Block_List_Project_Fraud,tranco_rank=222238,
adventistreview.org,222556,,1,StopForumSpam_ToxicDomains,tranco_rank=222556,
kazaa.com,222727,,1,FadeMind,tranco_rank=222727,
gaoyaya.com,223007,,1,StopForumSpam_ToxicDomains,tranco_rank=223007,
1bet.com,223205,,1,Mitchell_Krog,tranco_rank=223205,
bayitakipci.com,223302,,1,USOM,tranco_rank=223302,
audiobookkeeper.ru,223441,,1,StopForumSpam_ToxicDomains,tranco_rank=223441,
feefreepool.net,223649,,1,USOM,tranco_rank=223649,
mpla-clo.cc,223718,,1,ThreatFox,tranco_rank=223718,
inboxes.com,224386,,1,StopForumSpam_ToxicDomains,tranco_rank=224386,
languagedscie.shop,224758,,1,USOM,tranco_rank=224758,
birtakipci.com,225354,,1,USOM,tranco_rank=225354,
takipcibase.com,227306,,1,USOM,tranco_rank=227306,
takipcigir.com,227307,,1,USOM,tranco_rank=227307,
backpacktf.com,227734,,1,Hexxium_Creations,tranco_rank=227734,
kinozones.ru,228543,,1,StopForumSpam_ToxicDomains,tranco_rank=228543,
justcbdstore.com,228704,,1,StopForumSpam_ToxicDomains,tranco_rank=228704,
pulseadnetwork.com,228819,,1,USOM,tranco_rank=228819,
bassizcellskz.shop,229264,,1,USOM,tranco_rank=229264,
parhazart.org,229842,,1,ThreatFox,tranco_rank=229842,
complaintsipzzx.shop,230022,,1,USOM,tranco_rank=230022,
arkanix.ru,230583,,2,ThreatFox;USOM,tranco_rank=230583,
acecleanersreno.com,230905,,1,ThreatFox,tranco_rank=230905,
aproperprincessbows.com,230959,,1,ThreatFox,tranco_rank=230959,
burson-marsteller.co.uk,231118,,1,ThreatFox,tranco_rank=231118,
datetimetoticks-converter.com,231210,,1,ThreatFox,tranco_rank=231210,
erinagastro.ch,231310,,1,ThreatFox,tranco_rank=231310,
houseofharrisgifts.co.uk,231527,,1,ThreatFox,tranco_rank=231527,
internetowa.tv,231567,,1,ThreatFox,tranco_rank=231567,
kooshangallery.com,231673,,1,ThreatFox,tranco_rank=231673,
xoilaczskzxpt.tv,232616,,1,ThreatFox,tranco_rank=232616,
76236osm1.ru,232823,,1,USOM,tranco_rank=232823,
varegjopeaks.com,233179,,1,USOM,tranco_rank=233179,
flipshope.com,233367,,1,QuidsUp,tranco_rank=233367,
yip.su,233543,,1,Phishing_Army,tranco_rank=233543,
stickyyummyskiwffe.shop,233576,,1,USOM,tranco_rank=233576,
largeheart.ru,233589,,1,StopForumSpam_ToxicDomains,tranco_rank=233589,
app-goal.com,233732,,1,USOM,tranco_rank=233732,
distincttangyflippan.shop,233773,,1,USOM,tranco_rank=233773,
sturdyregularrmsnhw.shop,234050,,1,USOM,tranco_rank=234050,
puroclean.com,234081,,1,FadeMind,tranco_rank=234081,
navelseed.ru,234115,,1,StopForumSpam_ToxicDomains,tranco_rank=234115,
deallerospfosu.shop,234125,,1,USOM,tranco_rank=234125,
serveo.net,234376,,1,USOM,tranco_rank=234376,
tuding.xyz,234504,,1,USOM,tranco_rank=234504,
qazwsxedc.xyz,234644,,1,USOM,tranco_rank=234644,
writerospzm.shop,234727,,1,USOM,tranco_rank=234727,
relevanceads.com,234794,,1,DandelionSprout,tranco_rank=234794,
lamentablegapingkwaq.shop,234836,,1,USOM,tranco_rank=234836,
quialitsuzoxm.shop,234937,,1,USOM,tranco_rank=234937,
damnserver.com,234981,,1,USOM,tranco_rank=234981,
flicksmore.com,235062,,1,The_Block_List_Project_Fraud,tranco_rank=235062,
laterevent.ru,235414,,1,StopForumSpam_ToxicDomains,tranco_rank=235414,
magneticequator.ru,235448,,1,StopForumSpam_ToxicDomains,tranco_rank=235448,
gaussianfilter.ru,235748,,1,StopForumSpam_ToxicDomains,tranco_rank=235748,
lasercalibration.ru,235888,,1,StopForumSpam_ToxicDomains,tranco_rank=235888,
laserlens.ru,236118,,1,StopForumSpam_ToxicDomains,tranco_rank=236118,
blueblackside.com,236120,,1,ThreatFox,tranco_rank=236120,
gallduct.ru,236203,,1,StopForumSpam_ToxicDomains,tranco_rank=236203,
outinfo.ru,236208,,1,USOM,tranco_rank=236208,
filmzones.ru,236218,,1,StopForumSpam_ToxicDomains,tranco_rank=236218,
factoringfee.ru,236593,,1,StopForumSpam_ToxicDomains,tranco_rank=236593,
gadwall.ru,236604,,1,StopForumSpam_ToxicDomains,tranco_rank=236604,
laserpulse.ru,236702,,1,StopForumSpam_ToxicDomains,tranco_rank=236702,
ad3g.com,236774,,1,USOM,tranco_rank=236774,
mp3lists.ru,236825,,1,StopForumSpam_ToxicDomains,tranco_rank=236825,
mammasdarling.ru,236829,,1,StopForumSpam_ToxicDomains,tranco_rank=236829,
innerverdanytiresw.shop,236852,,1,USOM,tranco_rank=236852,
n66d.com,236934,,1,StopForumSpam_ToxicDomains,tranco_rank=236934,
celebratioopz.shop,237042,,1,USOM,tranco_rank=237042,
azenv.net,237077,,1,USOM,tranco_rank=237077,
gaugemodel.ru,237103,,1,StopForumSpam_ToxicDomains,tranco_rank=237103,
gageboard.ru,237175,,1,StopForumSpam_ToxicDomains,tranco_rank=237175,
medinfobooks.ru,237261,,1,StopForumSpam_ToxicDomains,tranco_rank=237261,
catmos99.com,237423,,1,USOM,tranco_rank=237423,
tempr.email,237461,,1,StopForumSpam_ToxicDomains,tranco_rank=237461,
leadingfirm.ru,237467,,1,StopForumSpam_ToxicDomains,tranco_rank=237467,
greentastellesqwm.shop,237533,,1,USOM,tranco_rank=237533,
learningcurve.ru,237631,,1,StopForumSpam_ToxicDomains,tranco_rank=237631,
gaffertape.ru,237740,,1,StopForumSpam_ToxicDomains,tranco_rank=237740,
qualitybooster.ru,237752,,1,StopForumSpam_ToxicDomains,tranco_rank=237752,
offlinesystem.ru,237761,,1,StopForumSpam_ToxicDomains,tranco_rank=237761,
reimageplus.com,237938,,3,Hexxium_Creations;KADhosts;QuidsUp,tranco_rank=237938,
magnetotelluricfield.ru,238038,,1,StopForumSpam_ToxicDomains,tranco_rank=238038,
geartreating.ru,238055,,1,StopForumSpam_ToxicDomains,tranco_rank=238055,
gasreturn.ru,238091,,1,StopForumSpam_ToxicDomains,tranco_rank=238091,
leaveword.ru,238098,,1,StopForumSpam_ToxicDomains,tranco_rank=238098,
sagprofile.ru,238117,,1,StopForumSpam_ToxicDomains,tranco_rank=238117,
rospromtest.ru,238174,,1,StopForumSpam_ToxicDomains,tranco_rank=238174,
necroticcaries.ru,238308,,1,StopForumSpam_ToxicDomains,tranco_rank=238308,
narrowmouthed.ru,238356,,1,StopForumSpam_ToxicDomains,tranco_rank=238356,
halfsiblings.ru,238423,,1,StopForumSpam_ToxicDomains,tranco_rank=238423,
naturalfunctor.ru,238576,,1,StopForumSpam_ToxicDomains,tranco_rank=238576,
weirdgames.info,238598,,1,USOM,tranco_rank=238598,
500.casino,238627,,1,StopForumSpam_ToxicDomains,tranco_rank=238627,
galvanometric.ru,238684,,1,StopForumSpam_ToxicDomains,tranco_rank=238684,
ziyemy.shop,238737,,1,USOM,tranco_rank=238737,
onesticket.ru,238774,,1,StopForumSpam_ToxicDomains,tranco_rank=238774,
radiationestimator.ru,238811,,1,StopForumSpam_ToxicDomains,tranco_rank=238811,
manipulatinghand.ru,238850,,1,StopForumSpam_ToxicDomains,tranco_rank=238850,
gatedsweep.ru,238902,,1,StopForumSpam_ToxicDomains,tranco_rank=238902,
neighbouringrights.ru,238932,,1,StopForumSpam_ToxicDomains,tranco_rank=238932,
gagrule.ru,238979,,1,StopForumSpam_ToxicDomains,tranco_rank=238979,
leadcoating.ru,239006,,1,StopForumSpam_ToxicDomains,tranco_rank=239006,
moyu88.xyz,239008,,1,USOM,tranco_rank=239008,
negativefibration.ru,239067,,1,StopForumSpam_ToxicDomains,tranco_rank=239067,
coinhive.com,239096,,1,USOM,tranco_rank=239096,
satellitehydrology.ru,239110,,1,StopForumSpam_ToxicDomains,tranco_rank=239110,
readingmagnifier.ru,239147,,1,StopForumSpam_ToxicDomains,tranco_rank=239147,
pcxrl.com,239269,,1,USOM,tranco_rank=239269,
redemptionvalue.ru,239301,,1,StopForumSpam_ToxicDomains,tranco_rank=239301,
seawaterpump.ru,239332,,1,StopForumSpam_ToxicDomains,tranco_rank=239332,
geriatricnurse.ru,239386,,1,StopForumSpam_ToxicDomains,tranco_rank=239386,
referenceantigen.ru,239402,,1,StopForumSpam_ToxicDomains,tranco_rank=239402,
quasimoney.ru,239429,,1,StopForumSpam_ToxicDomains,tranco_rank=239429,
stungun.ru,239449,,1,StopForumSpam_ToxicDomains,tranco_rank=239449,
rearchain.ru,239480,,1,StopForumSpam_ToxicDomains,tranco_rank=239480,
heygames.club,239515,,1,USOM,tranco_rank=239515,
getintoaflap.ru,239550,,1,StopForumSpam_ToxicDomains,tranco_rank=239550,
octupolephonon.ru,239583,,1,StopForumSpam_ToxicDomains,tranco_rank=239583,
getthebounce.ru,239596,,1,StopForumSpam_ToxicDomains,tranco_rank=239596,
partfamily.ru,239630,,1,StopForumSpam_ToxicDomains,tranco_rank=239630,
garbagechute.ru,239632,,1,StopForumSpam_ToxicDomains,tranco_rank=239632,
mailinghouse.ru,239704,,1,StopForumSpam_ToxicDomains,tranco_rank=239704,
parkingbrake.ru,239798,,1,StopForumSpam_ToxicDomains,tranco_rank=239798,
generalizedanalysis.ru,239816,,1,StopForumSpam_ToxicDomains,tranco_rank=239816,
gearpitchdiameter.ru,239819,,1,StopForumSpam_ToxicDomains,tranco_rank=239819,
neatplaster.ru,239837,,1,StopForumSpam_ToxicDomains,tranco_rank=239837,
generalprovisions.ru,239862,,1,StopForumSpam_ToxicDomains,tranco_rank=239862,
hairysphere.ru,239912,,1,StopForumSpam_ToxicDomains,tranco_rank=239912,
gangwayplatform.ru,239918,,1,StopForumSpam_ToxicDomains,tranco_rank=239918,
railwaybridge.ru,239933,,1,StopForumSpam_ToxicDomains,tranco_rank=239933,
gardeningleave.ru,239976,,1,StopForumSpam_ToxicDomains,tranco_rank=239976,
randomcoloration.ru,240002,,1,StopForumSpam_ToxicDomains,tranco_rank=240002,
hailsquall.ru,240036,,1,StopForumSpam_ToxicDomains,tranco_rank=240036,
recordedassignment.ru,240045,,1,StopForumSpam_ToxicDomains,tranco_rank=240045,
adsunflower.com,240055,,1,QuidsUp,tranco_rank=240055,
geophysicalprobe.ru,240086,,1,StopForumSpam_ToxicDomains,tranco_rank=240086,
offsetholder.ru,240122,,1,StopForumSpam_ToxicDomains,tranco_rank=240122,
obstructivepatent.ru,240131,,1,StopForumSpam_ToxicDomains,tranco_rank=240131,
gashbucket.ru,240201,,1,StopForumSpam_ToxicDomains,tranco_rank=240201,
oceanmining.ru,240216,,1,StopForumSpam_ToxicDomains,tranco_rank=240216,
habituate.ru,240226,,1,StopForumSpam_ToxicDomains,tranco_rank=240226,
gascautery.ru,240228,,1,StopForumSpam_ToxicDomains,tranco_rank=240228,
layabout.ru,240274,,1,StopForumSpam_ToxicDomains,tranco_rank=240274,
halforderfringe.ru,240299,,1,StopForumSpam_ToxicDomains,tranco_rank=240299,
nameresolution.ru,240364,,1,StopForumSpam_ToxicDomains,tranco_rank=240364,
handcoding.ru,240375,,1,StopForumSpam_ToxicDomains,tranco_rank=240375,
pepsico.com.co,240396,,1,Phishing_Army,tranco_rank=240396,
hackworker.ru,240399,,1,StopForumSpam_ToxicDomains,tranco_rank=240399,
reinvestmentplan.ru,240416,,1,StopForumSpam_ToxicDomains,tranco_rank=240416,
gangforeman.ru,240423,,1,StopForumSpam_ToxicDomains,tranco_rank=240423,
machinesensible.ru,240431,,1,StopForumSpam_ToxicDomains,tranco_rank=240431,
hackedbolt.ru,240531,,1,StopForumSpam_ToxicDomains,tranco_rank=240531,
salestypelease.ru,240536,,1,StopForumSpam_ToxicDomains,tranco_rank=240536,
managerialstaff.ru,240547,,1,StopForumSpam_ToxicDomains,tranco_rank=240547,
scarcecommodity.ru,240613,,1,StopForumSpam_ToxicDomains,tranco_rank=240613,
latrinesergeant.ru,240666,,1,StopForumSpam_ToxicDomains,tranco_rank=240666,
reachthroughregion.ru,240734,,1,StopForumSpam_ToxicDomains,tranco_rank=240734,
recessioncone.ru,240739,,1,StopForumSpam_ToxicDomains,tranco_rank=240739,
naphtheneseries.ru,240779,,1,StopForumSpam_ToxicDomains,tranco_rank=240779,
reducingflange.ru,240781,,1,StopForumSpam_ToxicDomains,tranco_rank=240781,
majorconcern.ru,240875,,1,StopForumSpam_ToxicDomains,tranco_rank=240875,
quadrupleworm.ru,240893,,1,StopForumSpam_ToxicDomains,tranco_rank=240893,
radialchaser.ru,240900,,1,StopForumSpam_ToxicDomains,tranco_rank=240900,
safedrilling.ru,240975,,1,StopForumSpam_ToxicDomains,tranco_rank=240975,
secondaryblock.ru,240976,,1,StopForumSpam_ToxicDomains,tranco_rank=240976,
partialmajorant.ru,240990,,1,StopForumSpam_ToxicDomains,tranco_rank=240990,
objectmodule.ru,241052,,1,StopForumSpam_ToxicDomains,tranco_rank=241052,
hangonpart.ru,241060,,1,StopForumSpam_ToxicDomains,tranco_rank=241060,
manualchoke.ru,241093,,1,StopForumSpam_ToxicDomains,tranco_rank=241093,
rabbetledge.ru,241122,,1,StopForumSpam_ToxicDomains,tranco_rank=241122,
haemagglutinin.ru,241131,,1,StopForumSpam_ToxicDomains,tranco_rank=241131,
rectifiersubstation.ru,241156,,1,StopForumSpam_ToxicDomains,tranco_rank=241156,
regeneratedprotein.ru,241169,,1,StopForumSpam_ToxicDomains,tranco_rank=241169,
papercoating.ru,241195,,1,StopForumSpam_ToxicDomains,tranco_rank=241195,
parasolmonoplane.ru,241242,,1,StopForumSpam_ToxicDomains,tranco_rank=241242,
haphazardwinding.ru,241256,,1,StopForumSpam_ToxicDomains,tranco_rank=241256,
haltstate.ru,241281,,1,StopForumSpam_ToxicDomains,tranco_rank=241281,
paraconvexgroup.ru,241338,,1,StopForumSpam_ToxicDomains,tranco_rank=241338,
quodrecuperet.ru,241339,,1,StopForumSpam_ToxicDomains,tranco_rank=241339,
handportedhead.ru,241343,,1,StopForumSpam_ToxicDomains,tranco_rank=241343,
habeascorpus.ru,241350,,1,StopForumSpam_ToxicDomains,tranco_rank=241350,
pagingterminal.ru,241355,,1,StopForumSpam_ToxicDomains,tranco_rank=241355,
samplinginterval.ru,241385,,1,StopForumSpam_ToxicDomains,tranco_rank=241385,
screwingunit.ru,241420,,1,StopForumSpam_ToxicDomains,tranco_rank=241420,
nationalcensus.ru,241431,,1,StopForumSpam_ToxicDomains,tranco_rank=241431,
hallofresidence.ru,241440,,1,StopForumSpam_ToxicDomains,tranco_rank=241440,
quenchedspark.ru,241478,,1,StopForumSpam_ToxicDomains,tranco_rank=241478,
hadronicannihilation.ru,241501,,1,StopForumSpam_ToxicDomains,tranco_rank=241501,
rattlesnakemaster.ru,241542,,1,StopForumSpam_ToxicDomains,tranco_rank=241542,
packedspheres.ru,241553,,1,StopForumSpam_ToxicDomains,tranco_rank=241553,
palmberry.ru,241584,,1,StopForumSpam_ToxicDomains,tranco_rank=241584,
justiciablehomicide.ru,241627,,1,StopForumSpam_ToxicDomains,tranco_rank=241627,
hardalloyteeth.ru,241786,,1,StopForumSpam_ToxicDomains,tranco_rank=241786,
scrapermat.ru,241795,,1,StopForumSpam_ToxicDomains,tranco_rank=241795,
observationballoon.ru,241926,,1,StopForumSpam_ToxicDomains,tranco_rank=241926,
olibanumresinoid.ru,241972,,1,StopForumSpam_ToxicDomains,tranco_rank=241972,
hardasiron.ru,241989,,1,StopForumSpam_ToxicDomains,tranco_rank=241989,
palatinebones.ru,242009,,1,StopForumSpam_ToxicDomains,tranco_rank=242009,
handradar.ru,242169,,1,StopForumSpam_ToxicDomains,tranco_rank=242169,
handsfreetelephone.ru,242364,,1,StopForumSpam_ToxicDomains,tranco_rank=242364,
oursupersk.com,242422,,1,USOM,tranco_rank=242422,
lacunarycoefficient.ru,242456,,1,StopForumSpam_ToxicDomains,tranco_rank=242456,
laminatedmaterial.ru,242468,,1,StopForumSpam_ToxicDomains,tranco_rank=242468,
lactogenicfactor.ru,242473,,1,StopForumSpam_ToxicDomains,tranco_rank=242473,
rapidgrowth.ru,242479,,1,StopForumSpam_ToxicDomains,tranco_rank=242479,
laggingload.ru,242513,,1,StopForumSpam_ToxicDomains,tranco_rank=242513,
ultraviolettesting.ru,242791,,1,StopForumSpam_ToxicDomains,tranco_rank=242791,
spysale.ru,242861,,1,StopForumSpam_ToxicDomains,tranco_rank=242861,
tplinkextender.net,242863,,1,DandelionSprout,tranco_rank=242863,
insta.cyou,242893,,1,USOM,tranco_rank=242893,
telescopicdamper.ru,242910,,1,StopForumSpam_ToxicDomains,tranco_rank=242910,
landmarksensor.ru,243052,,1,StopForumSpam_ToxicDomains,tranco_rank=243052,
japanesecedar.ru,243095,,1,StopForumSpam_ToxicDomains,tranco_rank=243095,
mobengine.xyz,243096,,1,USOM,tranco_rank=243096,
lamphouse.ru,243119,,1,StopForumSpam_ToxicDomains,tranco_rank=243119,
essaypro.club,243227,,1,The_Block_List_Project_Fraud,tranco_rank=243227,
lancingdie.ru,243300,,1,StopForumSpam_ToxicDomains,tranco_rank=243300,
ladletreatediron.ru,243327,,1,StopForumSpam_ToxicDomains,tranco_rank=243327,
landingdoor.ru,243366,,1,StopForumSpam_ToxicDomains,tranco_rank=243366,
lancecorporal.ru,243373,,1,StopForumSpam_ToxicDomains,tranco_rank=243373,
lambdatransition.ru,243471,,1,StopForumSpam_ToxicDomains,tranco_rank=243471,
landuseratio.ru,243486,,1,StopForumSpam_ToxicDomains,tranco_rank=243486,
languagelaboratory.ru,243492,,1,StopForumSpam_ToxicDomains,tranco_rank=243492,
semiasphalticflux.ru,243538,,1,StopForumSpam_ToxicDomains,tranco_rank=243538,
ultramaficrock.ru,243582,,1,StopForumSpam_ToxicDomains,tranco_rank=243582,
landreform.ru,243623,,1,StopForumSpam_ToxicDomains,tranco_rank=243623,
laissezaller.ru,243842,,1,StopForumSpam_ToxicDomains,tranco_rank=243842,
telangiectaticlipoma.ru,243843,,1,StopForumSpam_ToxicDomains,tranco_rank=243843,
juicecatcher.ru,244083,,1,StopForumSpam_ToxicDomains,tranco_rank=244083,
semifinishmachining.ru,244085,,1,StopForumSpam_ToxicDomains,tranco_rank=244085,
lammasshoot.ru,244097,,1,StopForumSpam_ToxicDomains,tranco_rank=244097,
secularclergy.ru,244478,,1,StopForumSpam_ToxicDomains,tranco_rank=244478,
tailstockcenter.ru,244521,,1,StopForumSpam_ToxicDomains,tranco_rank=244521,
jointcapsule.ru,244546,,1,StopForumSpam_ToxicDomains,tranco_rank=244546,
filetransit.com,244594,,1,The_Block_List_Project_Fraud,tranco_rank=244594,
keepsmthinhand.ru,244671,,1,StopForumSpam_ToxicDomains,tranco_rank=244671,
jointsealingmaterial.ru,244678,,1,StopForumSpam_ToxicDomains,tranco_rank=244678,
microsofthk.com,244717,,1,DandelionSprout,tranco_rank=244717,
jobstress.ru,244760,,1,StopForumSpam_ToxicDomains,tranco_rank=244760,
knifesethouse.ru,244866,,1,StopForumSpam_ToxicDomains,tranco_rank=244866,
jacketedwall.ru,245001,,1,StopForumSpam_ToxicDomains,tranco_rank=245001,
junctionofchannels.ru,245019,,1,StopForumSpam_ToxicDomains,tranco_rank=245019,
internetwatchtower.com,245235,,1,USOM,tranco_rank=245235,
harmonicinteraction.ru,245265,,1,StopForumSpam_ToxicDomains,tranco_rank=245265,
kickplate.ru,245354,,1,StopForumSpam_ToxicDomains,tranco_rank=245354,
kaposidisease.ru,245363,,1,StopForumSpam_ToxicDomains,tranco_rank=245363,
heartofgold.ru,245380,,1,StopForumSpam_ToxicDomains,tranco_rank=245380,
journallubricator.ru,245420,,1,StopForumSpam_ToxicDomains,tranco_rank=245420,
keymanassurance.ru,245442,,1,StopForumSpam_ToxicDomains,tranco_rank=245442,
weps.org,245535,,1,Phishing_Army,tranco_rank=245535,
jibtypecrane.ru,245537,,1,StopForumSpam_ToxicDomains,tranco_rank=245537,
kneejoint.ru,245553,,1,StopForumSpam_ToxicDomains,tranco_rank=245553,
kleinbottle.ru,245626,,1,StopForumSpam_ToxicDomains,tranco_rank=245626,
kerbweight.ru,245689,,1,StopForumSpam_ToxicDomains,tranco_rank=245689,
killthefattedcalf.ru,245731,,1,StopForumSpam_ToxicDomains,tranco_rank=245731,
keepagoodoffing.ru,245804,,1,StopForumSpam_ToxicDomains,tranco_rank=245804,
labourearnings.ru,245820,,1,StopForumSpam_ToxicDomains,tranco_rank=245820,
kentishglory.ru,245837,,1,StopForumSpam_ToxicDomains,tranco_rank=245837,
csgo500.com,245843,,1,Hexxium_Creations,tranco_rank=245843,
haveafinetime.ru,245873,,1,StopForumSpam_ToxicDomains,tranco_rank=245873,
hartlaubgoose.ru,245933,,1,StopForumSpam_ToxicDomains,tranco_rank=245933,
explorefreeresults.com,245943,,1,DandelionSprout,tranco_rank=245943,
hatchholddown.ru,245952,,1,StopForumSpam_ToxicDomains,tranco_rank=245952,
whatiscrowdstrike.com,245969,,1,USOM,tranco_rank=245969,
heatageingresistance.ru,245970,,1,StopForumSpam_ToxicDomains,tranco_rank=245970,
katz-stealer.com,245991,,1,USOM,tranco_rank=245991,
jogformation.ru,246017,,1,StopForumSpam_ToxicDomains,tranco_rank=246017,
lacrimalpoint.ru,246029,,1,StopForumSpam_ToxicDomains,tranco_rank=246029,
heatinggas.ru,246107,,1,StopForumSpam_ToxicDomains,tranco_rank=246107,
knockonatom.ru,246128,,1,StopForumSpam_ToxicDomains,tranco_rank=246128,
keyserum.ru,246154,,1,StopForumSpam_ToxicDomains,tranco_rank=246154,
kerrrotation.ru,246204,,1,StopForumSpam_ToxicDomains,tranco_rank=246204,
tendata.com,246285,,1,USOM,tranco_rank=246285,
laburnumtree.ru,246297,,1,StopForumSpam_ToxicDomains,tranco_rank=246297,
knowledgestate.ru,246337,,1,StopForumSpam_ToxicDomains,tranco_rank=246337,
hardenedconcrete.ru,246339,,1,StopForumSpam_ToxicDomains,tranco_rank=246339,
kingweakfish.ru,246356,,1,StopForumSpam_ToxicDomains,tranco_rank=246356,
headregulator.ru,246468,,1,StopForumSpam_ToxicDomains,tranco_rank=246468,
labourleasing.ru,246484,,1,StopForumSpam_ToxicDomains,tranco_rank=246484,
kilowattsecond.ru,246511,,1,StopForumSpam_ToxicDomains,tranco_rank=246511,
kondoferromagnet.ru,246520,,1,StopForumSpam_ToxicDomains,tranco_rank=246520,
hazardousatmosphere.ru,246576,,1,StopForumSpam_ToxicDomains,tranco_rank=246576,
jobabandonment.ru,246692,,1,StopForumSpam_ToxicDomains,tranco_rank=246692,
laborracket.ru,246702,,1,StopForumSpam_ToxicDomains,tranco_rank=246702,
me2.do,246791,,1,Hexxium_Creations,tranco_rank=246791,
heavydutymetalcutting.ru,246892,,1,StopForumSpam_ToxicDomains,tranco_rank=246892,
temperedmeasure.ru,246964,,1,StopForumSpam_ToxicDomains,tranco_rank=246964,
mobiletop.pro,247025,,1,USOM,tranco_rank=247025,
tenementbuilding.ru,247205,,1,StopForumSpam_ToxicDomains,tranco_rank=247205,
labeledgraph.ru,247254,,1,StopForumSpam_ToxicDomains,tranco_rank=247254,
taskreasoning.ru,247325,,1,StopForumSpam_ToxicDomains,tranco_rank=247325,
tappingchuck.ru,247461,,1,StopForumSpam_ToxicDomains,tranco_rank=247461,
lacingcourse.ru,247514,,1,StopForumSpam_ToxicDomains,tranco_rank=247514,
tamecurve.ru,247533,,1,StopForumSpam_ToxicDomains,tranco_rank=247533,
catmore88.com,247575,,1,USOM,tranco_rank=247575,
technicalgrade.ru,247672,,1,StopForumSpam_ToxicDomains,tranco_rank=247672,
spicetrade.ru,247704,,1,StopForumSpam_ToxicDomains,tranco_rank=247704,
tapecorrection.ru,247865,,1,StopForumSpam_ToxicDomains,tranco_rank=247865,
temperateclimate.ru,247889,,1,StopForumSpam_ToxicDomains,tranco_rank=247889,
websitetheme.com,247898,,1,USOM,tranco_rank=247898,
komodia.com,247913,,1,FadeMind,tranco_rank=247913,
mymoyu.shop,248000,,1,USOM,tranco_rank=248000,
ztj54.top,248085,,1,USOM,tranco_rank=248085,
vivelafete.com,248099,,1,The_Block_List_Project_Fraud,tranco_rank=248099,
seismicefficiency.ru,248163,,1,StopForumSpam_ToxicDomains,tranco_rank=248163,
selectivediffuser.ru,248236,,1,StopForumSpam_ToxicDomains,tranco_rank=248236,
tacticaldiameter.ru,248569,,1,StopForumSpam_ToxicDomains,tranco_rank=248569,
hotm.art,248751,,1,Phishing_Army,tranco_rank=248751,
mediataggus.com,248962,,1,DandelionSprout,tranco_rank=248962,
theyardservice.com,249217,,1,USOM,tranco_rank=249217,
iplogger.cn,249804,,1,Phishing_Army,tranco_rank=249804,
mcafee-upgrade.com,250078,,1,USOM,tranco_rank=250078,
saturndynamic.pt,250206,,1,DandelionSprout,tranco_rank=250206,
velqo7.co,250810,,1,ThreatFox,tranco_rank=250810,
5u.com,250858,,1,Mitchell_Krog,tranco_rank=250858,
freewebtown.com,251435,,2,FadeMind;USOM,tranco_rank=251435,
predictivdisplay.com,251485,,2,QuidsUp;USOM,tranco_rank=251485,
casinosincanada.com,251750,,1,StopForumSpam_ToxicDomains,tranco_rank=251750,
5mp.eu,251844,,1,Phishing_Army,tranco_rank=251844,
adfuture.cn,251979,,1,QuidsUp,tranco_rank=251979,
juxtapositiontwin.ru,252467,,1,StopForumSpam_ToxicDomains,tranco_rank=252467,
ctcodein.biz,253314,,1,ThreatFox,tranco_rank=253314,
startrader.com,253393,,1,KADhosts,tranco_rank=253393,
mailstat.us,253672,,1,Phishing_Army,tranco_rank=253672,
differentia.ru,254647,,1,USOM,tranco_rank=254647,
canvahow.com,255283,,1,ThreatFox,tranco_rank=255283,
benaughty.com,256602,,1,KADhosts,tranco_rank=256602,
claud-mail.ru,257057,,1,USOM,tranco_rank=257057,
myfrance.xyz,257217,,1,USOM,tranco_rank=257217,
casinoreviews.net,257798,,1,StopForumSpam_ToxicDomains,tranco_rank=257798,
latestdatabase.com,258592,,1,Hexxium_Creations,tranco_rank=258592,
usaonlineclassifieds.com,259101,,1,CERT_Polska,tranco_rank=259101,
ibmlotus.net,259640,,1,USOM,tranco_rank=259640,
xurl.es,260025,,1,Phishing_Army,tranco_rank=260025,
stu.edu.iq,260136,,1,ThreatFox,tranco_rank=260136,
120181311.xyz,260780,,1,StopForumSpam_ToxicDomains,tranco_rank=260780,
expertsmind.com,261398,,1,The_Block_List_Project_Fraud,tranco_rank=261398,
slumpcute.com,262221,,1,ThreatFox,tranco_rank=262221,
topregal.com,262575,,1,StopForumSpam_ToxicDomains,tranco_rank=262575,
zhivachkapro.com,263086,,1,ThreatFox,tranco_rank=263086,
altaskifer.sbs,263955,,2,Miroslav_Stampar;USOM,tranco_rank=263955,
cyberzine.com,264251,,1,FadeMind,tranco_rank=264251,
novelden.com,264519,,1,The_Block_List_Project_Fraud,tranco_rank=264519,
amigo2.ne.jp,264671,,1,USOM,tranco_rank=264671,
speedtest.com,265644,,1,DandelionSprout,tranco_rank=265644,
redirme.com,265789,,1,Phishing_Army,tranco_rank=265789,
nicewk.com,266075,,1,USOM,tranco_rank=266075,
springbokcasino.co.za,266953,,1,StopForumSpam_ToxicDomains,tranco_rank=266953,
issmarterthanyou.com,267422,,1,USOM,tranco_rank=267422,
ignoremail.com,268278,,1,StopForumSpam_ToxicDomains,tranco_rank=268278,
instagramtakipcisatinal.net,268856,,1,The_Block_List_Project_Fraud,tranco_rank=268856,
one-new-message.com,269125,,1,DandelionSprout,tranco_rank=269125,
1994collective.com,269162,,1,USOM,tranco_rank=269162,
win123888.com,269367,,1,USOM,tranco_rank=269367,
smartpcupdate.com,269554,,1,The_Block_List_Project_Fraud,tranco_rank=269554,
microsoft-support.net,270131,,1,USOM,tranco_rank=270131,
pttptt.cc,270638,,1,USOM,tranco_rank=270638,
xrumersale.site,270689,,1,StopForumSpam_ToxicDomains,tranco_rank=270689,
sulumorbusinessservices.com,270994,,1,USOM,tranco_rank=270994,
fast-eda.my,271966,,1,USOM,tranco_rank=271966,
ic24.lt,271992,,1,Miroslav_Stampar,tranco_rank=271992,
brackusi0n.live,272325,,1,USOM,tranco_rank=272325,
mountairycasino.com,272817,,1,StopForumSpam_ToxicDomains,tranco_rank=272817,
eduflat.de,273702,,1,Phishing_Army,tranco_rank=273702,
buradakimvar.com,274970,,1,ThreatFox,tranco_rank=274970,
trading.com,275089,,1,KADhosts,tranco_rank=275089,
nitrosoftwares.shop,275230,,2,Miroslav_Stampar;USOM,tranco_rank=275230,
aikq.de,275879,,1,StopForumSpam_ToxicDomains,tranco_rank=275879,
stormgain.com,276336,,1,KADhosts,tranco_rank=276336,
fonious.com,276349,,1,The_Block_List_Project_Fraud,tranco_rank=276349,
vlxx.ms,276509,,1,ThreatFox,tranco_rank=276509,
serialmenot.com,276569,,1,ThreatFox,tranco_rank=276569,
mailsco.online,276678,,1,StopForumSpam_ToxicDomains,tranco_rank=276678,
avsvmcloud.com,276710,,1,USOM,tranco_rank=276710,
banterplugins.com,276985,,1,ThreatFox,tranco_rank=276985,
pokgaming.com,277275,,1,USOM,tranco_rank=277275,
webogram.org,277662,,1,Phishing_Army,tranco_rank=277662,
moviestream.online,277744,,1,The_Block_List_Project_Fraud,tranco_rank=277744,
wgz.cz,277812,,1,StopForumSpam_ToxicDomains,tranco_rank=277812,
arabiccountriestalent.com,278036,,1,USOM,tranco_rank=278036,
gmil.com,278084,,3,QuidsUp;StopForumSpam_ToxicDomains;The_Block_List_Project_Fraud,tranco_rank=278084,
sarai-tid.com,278209,,1,DandelionSprout,tranco_rank=278209,
kittiesmc.com,278512,,1,ThreatFox,tranco_rank=278512,
miamiclubcasino.im,278521,,1,The_Block_List_Project_Fraud,tranco_rank=278521,
cnbnews.com,278630,,1,FadeMind,tranco_rank=278630,
buradabmwking.com,278703,,1,ThreatFox,tranco_rank=278703,
kunst-fuer-alle.de,279434,,1,Phishing_Army,tranco_rank=279434,
kittenscraft.com,280146,,1,ThreatFox,tranco_rank=280146,
sportsvot.com,280176,,1,DandelionSprout,tranco_rank=280176,
kutt.it,280276,,1,USOM,tranco_rank=280276,
talenthumanresourcestalent.com,280499,,1,USOM,tranco_rank=280499,
topbilliondirectory.com,280687,,1,ThreatFox,tranco_rank=280687,
worldnaturenet.xyz,280967,,1,The_Block_List_Project_Fraud,tranco_rank=280967,
adsfloow.net,281175,,1,DandelionSprout,tranco_rank=281175,
ytechb.com,281298,,1,DandelionSprout,tranco_rank=281298,
secprf2.com,281454,,1,DandelionSprout,tranco_rank=281454,
newtrendmicro.com,282056,,1,USOM,tranco_rank=282056,
cloudsond.me,282595,,1,USOM,tranco_rank=282595,
educu.xyz,282668,,1,USOM,tranco_rank=282668,
webgarden.at,283843,,1,StopForumSpam_ToxicDomains,tranco_rank=283843,
gamesvot.com,285650,,1,DandelionSprout,tranco_rank=285650,
xevil.net,285687,,1,The_Block_List_Project_Fraud,tranco_rank=285687,
bestadperf.com,286245,,1,DandelionSprout,tranco_rank=286245,
nexrtb.com,286586,,1,DandelionSprout,tranco_rank=286586,
dnot.sh,287013,,1,USOM,tranco_rank=287013,
whiteclick.biz,287362,,1,DandelionSprout,tranco_rank=287362,
undeciliste.com,288360,,1,DandelionSprout,tranco_rank=288360,
miskolopiyzf.com,288960,,1,ThreatFox,tranco_rank=288960,
keepo.io,289125,,1,Phishing_Army,tranco_rank=289125,
spywareinfo.com,289822,,1,The_Block_List_Project_Fraud,tranco_rank=289822,
gentingcasinos.co.uk,289881,,1,StopForumSpam_ToxicDomains,tranco_rank=289881,
filebulldogs.com,290521,,1,USOM,tranco_rank=290521,
eeongous.com,290624,,1,USOM,tranco_rank=290624,
0daymusic.org,290848,,1,The_Block_List_Project_Fraud,tranco_rank=290848,
fortrade.com,291496,,1,KADhosts,tranco_rank=291496,
forex4you.com,292185,,1,The_Block_List_Project_Fraud,tranco_rank=292185,
78smp.com,292631,,1,ThreatFox,tranco_rank=292631,
bluebet.com.au,292955,,1,StopForumSpam_ToxicDomains,tranco_rank=292955,
bocubo.com,293737,,1,USOM,tranco_rank=293737,
00857cca77b615c369f48ead5f8eb7f3.com,293882,,1,USOM,tranco_rank=293882,
itpdf.com,294927,,1,USOM,tranco_rank=294927,
ns5.biz,295031,,1,USOM,tranco_rank=295031,
benrif-solutions.com,295948,,1,DandelionSprout,tranco_rank=295948,
smmprime.com,296710,,1,The_Block_List_Project_Fraud,tranco_rank=296710,
af4760df2c08896a9638e26e7dd20aae.com,297350,,1,USOM,tranco_rank=297350,
clip.today,297587,,1,KADhosts,tranco_rank=297587,
authenticwatches.com,297714,,1,The_Block_List_Project_Fraud,tranco_rank=297714,
lejtdj.biz,297828,,1,USOM,tranco_rank=297828,
momo.dm,297849,,1,GlobalAntiScamOrg,tranco_rank=297849,
hooligapps.com,297872,,1,DandelionSprout,tranco_rank=297872,
appsontrcks.com,298574,,1,DandelionSprout,tranco_rank=298574,
linuxsecuritycont.com,298791,,1,USOM,tranco_rank=298791,
laalmirchitakeaway.co.uk,298899,,1,ThreatFox,tranco_rank=298899,
mabougies.ch,298907,,1,ThreatFox,tranco_rank=298907,
vlxx88.biz,298969,,1,ThreatFox,tranco_rank=298969,
ozessay.com.au,299439,,1,The_Block_List_Project_Fraud,tranco_rank=299439,
viaarena.com,299445,,1,DandelionSprout,tranco_rank=299445,
connatedresspint.com,299581,,1,DandelionSprout,tranco_rank=299581,
celebration-internet.cc,299917,,1,ThreatFox,tranco_rank=299917,
surli.cc,300288,,1,Phishing_Army,tranco_rank=300288,
zjbpaao.biz,300336,,1,USOM,tranco_rank=300336,
directsle.com,301684,,1,DandelionSprout,tranco_rank=301684,
botox.life,301951,,1,StopForumSpam_ToxicDomains,tranco_rank=301951,
parblemophaort.com,302517,,1,DandelionSprout,tranco_rank=302517,
admozartppc.com,302567,,1,DandelionSprout,tranco_rank=302567,
grandcapital.net,304051,,1,KADhosts,tranco_rank=304051,
linshiyouxiang.net,306078,,1,StopForumSpam_ToxicDomains,tranco_rank=306078,
dashlune.xyz,306109,,1,ThreatFox,tranco_rank=306109,
snocasino.com,306213,,1,StopForumSpam_ToxicDomains,tranco_rank=306213,
xoilacxyq.tv,306255,,1,ThreatFox,tranco_rank=306255,
re-media.info,306623,,1,DandelionSprout,tranco_rank=306623,
302br.net,308415,,1,FadeMind,tranco_rank=308415,
totalh.net,308645,,1,USOM,tranco_rank=308645,
xoilacxyp.tv,308735,,1,ThreatFox,tranco_rank=308735,
support-uber.com,310116,,1,The_Block_List_Project_Fraud,tranco_rank=310116,
blazingboost.com,310208,,1,The_Block_List_Project_Fraud,tranco_rank=310208,
henrypp.org,310485,,1,DandelionSprout,tranco_rank=310485,
formsubmit.co,310864,,1,Phishing_Army,tranco_rank=310864,
l1nq.com,311362,,1,Phishing_Army,tranco_rank=311362,
zamesblack.fun,311793,,1,USOM,tranco_rank=311793,
kowersize.fun,311895,,1,USOM,tranco_rank=311895,
duhodown.fun,312123,,1,USOM,tranco_rank=312123,
mouseoiet.fun,312367,,1,USOM,tranco_rank=312367,
yaho.com,312931,,1,StopForumSpam_ToxicDomains,tranco_rank=312931,
pdfmeta.com,314077,,1,USOM,tranco_rank=314077,
mail15.com,315747,,1,StopForumSpam_ToxicDomains,tranco_rank=315747,
2makestorage.com,315775,,1,Miroslav_Stampar,tranco_rank=315775,
con.com,316301,,1,StopForumSpam_ToxicDomains,tranco_rank=316301,
claudfront.net,316478,,1,USOM,tranco_rank=316478,
obdsc.net,317040,,2,CERT_Polska;Phishing_Army,tranco_rank=317040,
maildrop.cc,317612,,1,StopForumSpam_ToxicDomains,tranco_rank=317612,
abass.ir,318798,,1,USOM,tranco_rank=318798,
vashikaranhub.com,319012,,1,The_Block_List_Project_Fraud,tranco_rank=319012,
eliteessaywriters.com,319050,,1,The_Block_List_Project_Fraud,tranco_rank=319050,
olabahistv93.com,319082,,3,CERT_Polska;KADhosts;Phishing_Army,tranco_rank=319082,
utopiamusic.com,319479,,1,ThreatFox,tranco_rank=319479,
numpet.com,319727,,1,KADhosts,tranco_rank=319727,
xx.com,319963,,1,StopForumSpam_ToxicDomains,tranco_rank=319963,
zakazat-cveti-moskva.ru,320432,,1,StopForumSpam_ToxicDomains,tranco_rank=320432,
mailsac.com,320897,,1,StopForumSpam_ToxicDomains,tranco_rank=320897,
appstorespy.com,321059,,1,GlobalAntiScamOrg,tranco_rank=321059,
m-dnc.com,321356,,1,StopForumSpam_ToxicDomains,tranco_rank=321356,
cvejie-cveti.ru,321359,,1,StopForumSpam_ToxicDomains,tranco_rank=321359,
virtualdataserver.com,321378,,1,USOM,tranco_rank=321378,
cpagrip.com,321388,,1,KADhosts,tranco_rank=321388,
install-zoom.com,321685,,1,USOM,tranco_rank=321685,
9appsdownloading.com,321785,,1,USOM,tranco_rank=321785,
emkei.cz,322415,,2,Hexxium_Creations;USOM,tranco_rank=322415,
seobundlekit.com,322892,,1,USOM,tranco_rank=322892,
webcodez.com,322954,,1,USOM,tranco_rank=322954,
ciuj.ir,323546,,1,USOM,tranco_rank=323546,
zarvethion.com,324211,,3,CERT_Polska;Phishing_Army;ThreatFox,tranco_rank=324211,
ttsmp3.com,324583,,1,USOM,tranco_rank=324583,
displayoptoffers.com,324860,,3,DandelionSprout;The_Block_List_Project_Fraud;The_Block_List_Project_Scam,tranco_rank=324860,
pipingpotcurry.com,325252,,1,ThreatFox,tranco_rank=325252,
xoilacxyy.tv,325741,,1,ThreatFox,tranco_rank=325741,
organogold.com,326064,,1,KADhosts,tranco_rank=326064,
taimpt.com,326164,,1,DandelionSprout,tranco_rank=326164,
jeunesseglobal.com,326557,,1,KADhosts,tranco_rank=326557,
vws4brkfst.com,326721,,1,DandelionSprout,tranco_rank=326721,
mysocialfollowing.com,327729,,1,The_Block_List_Project_Fraud,tranco_rank=327729,
hotpop.com,328198,,1,StopForumSpam_ToxicDomains,tranco_rank=328198,
tuchkas.ru,328321,,1,StopForumSpam_ToxicDomains,tranco_rank=328321,
true-lie.com,328929,,1,USOM,tranco_rank=328929,
mb1-cdn.com,328949,,1,DandelionSprout,tranco_rank=328949,
asstok.com,328993,,1,Hexxium_Creations,tranco_rank=328993,
polybreadphx.com,329256,,1,USOM,tranco_rank=329256,
mirotalk.net,329261,,1,USOM,tranco_rank=329261,
tropicalsummer.xyz,329305,,1,DandelionSprout,tranco_rank=329305,
liveupdt.com,329446,,1,QuidsUp,tranco_rank=329446,
telegram.services,329709,,1,USOM,tranco_rank=329709,
scanguard.com,330005,,1,DandelionSprout,tranco_rank=330005,
mirconnect.info,330478,,1,USOM,tranco_rank=330478,
roquette.com,330498,,1,StopForumSpam_ToxicDomains,tranco_rank=330498,
binclloudapp.com,331440,,2,ThreatFox;USOM,tranco_rank=331440,
ibibo.com,332219,,1,StopForumSpam_ToxicDomains,tranco_rank=332219,
instantfwding.com,333190,,1,DandelionSprout,tranco_rank=333190,
mythtime.xyz,333815,,1,USOM,tranco_rank=333815,
rzd-partner.store,334106,,1,USOM,tranco_rank=334106,
malkm.com,334255,,1,FadeMind,tranco_rank=334255,
papernow.org,334415,,1,The_Block_List_Project_Fraud,tranco_rank=334415,
pbilet.net,334542,,1,USOM,tranco_rank=334542,
favbet.com,335093,,1,StopForumSpam_ToxicDomains,tranco_rank=335093,
gmal.com,336602,,1,StopForumSpam_ToxicDomains,tranco_rank=336602,
celsiuscasino.com,336611,,1,StopForumSpam_ToxicDomains,tranco_rank=336611,
cablepaddle.com,336648,,1,DandelionSprout,tranco_rank=336648,
bablace.com,336939,,1,StopForumSpam_ToxicDomains,tranco_rank=336939,
juicessh.space,337410,,1,USOM,tranco_rank=337410,
maxbounty.com,338333,,1,FadeMind,tranco_rank=338333,
impliednauseous.com,339227,,1,USOM,tranco_rank=339227,
xoilacxyu.tv,339322,,1,ThreatFox,tranco_rank=339322,
minisrclink.cool,339434,,1,QuidsUp,tranco_rank=339434,
cdn-chrome.com,339473,,1,USOM,tranco_rank=339473,
fiindmatez.com,339977,,1,DandelionSprout,tranco_rank=339977,
agt.net,341425,,1,USOM,tranco_rank=341425,
getdivvy.com,342045,,1,StopForumSpam_ToxicDomains,tranco_rank=342045,
checking-account.click,342684,,1,The_Block_List_Project_Fraud,tranco_rank=342684,
obviousidea.com,342786,,1,StopForumSpam_ToxicDomains,tranco_rank=342786,
steamfix.site,342989,,1,Miroslav_Stampar,tranco_rank=342989,
uphero.com,345363,,1,Hexxium_Creations,tranco_rank=345363,
xn--krb3-rzb.com,346492,,1,StopForumSpam_ToxicDomains,tranco_rank=346492,
steam-account.ru,346980,,1,The_Block_List_Project_Fraud,tranco_rank=346980,
expertoption.com,347195,,1,The_Block_List_Project_Fraud,tranco_rank=347195,
godatenow.com,347640,,1,The_Block_List_Project_Fraud,tranco_rank=347640,
millermotorcars.com,347675,,1,StopForumSpam_ToxicDomains,tranco_rank=347675,
99soya.shop,349212,,1,USOM,tranco_rank=349212,
tenorshare.ai,349338,,1,Phishing_Army,tranco_rank=349338,
genesis-mining.com,349463,,1,The_Block_List_Project_Fraud,tranco_rank=349463,
bonusgaf.com,349813,,1,DandelionSprout,tranco_rank=349813,
metateress.com,350317,,1,DandelionSprout,tranco_rank=350317,
aenhance.link,351030,,1,DandelionSprout,tranco_rank=351030,
cdn-routing.com,351251,,1,USOM,tranco_rank=351251,
qmail.com,351355,,1,StopForumSpam_ToxicDomains,tranco_rank=351355,
homeatedke.store,351381,,1,USOM,tranco_rank=351381,
upmetrics.co,351432,,1,StopForumSpam_ToxicDomains,tranco_rank=351432,
healthvot.com,351832,,1,DandelionSprout,tranco_rank=351832,
hubet88.name,352702,,1,ThreatFox,tranco_rank=352702,
akama.com,352871,,1,Mitchell_Krog,tranco_rank=352871,
travel2days.com,353564,,1,KADhosts,tranco_rank=353564,
msedge.vg,353992,,1,ThreatFox,tranco_rank=353992,
indigocard.com,354047,,1,The_Block_List_Project_Fraud,tranco_rank=354047,
vigi.com,354128,,1,StopForumSpam_ToxicDomains,tranco_rank=354128,
samsclass.info,354345,,1,StopForumSpam_ToxicDomains,tranco_rank=354345,
tempm.com,354607,,1,StopForumSpam_ToxicDomains,tranco_rank=354607,
philion.store,354998,,1,USOM,tranco_rank=354998,
pensionhotel.cz,355837,,1,USOM,tranco_rank=355837,
rumorcircle.com,355848,,1,StopForumSpam_ToxicDomains,tranco_rank=355848,
gimail.com,355901,,1,StopForumSpam_ToxicDomains,tranco_rank=355901,
cdglobalclouds.com,356720,,1,USOM,tranco_rank=356720,
1agame.tv,357408,,1,ThreatFox,tranco_rank=357408,
thesmallbusinessblog.net,357685,,1,The_Block_List_Project_Fraud,tranco_rank=357685,
lemon.casino,357939,,1,StopForumSpam_ToxicDomains,tranco_rank=357939,
dafc.co.uk,358242,,1,USOM,tranco_rank=358242,
forex.pm,359271,,1,StopForumSpam_ToxicDomains,tranco_rank=359271,
crowdstrikefix.com,359693,,1,USOM,tranco_rank=359693,
teamchuan.com,359738,,1,USOM,tranco_rank=359738,
tedxns.com,359739,,1,USOM,tranco_rank=359739,
avk.support,359770,,1,The_Block_List_Project_Fraud,tranco_rank=359770,
dreamfortrealtors.com,360157,,1,ThreatFox,tranco_rank=360157,
healy.shop,360311,,1,KADhosts,tranco_rank=360311,
tiomarkets.com,361026,,1,KADhosts,tranco_rank=361026,
clickindia.com,361199,,1,The_Block_List_Project_Fraud,tranco_rank=361199,
chacuo.net,362135,,1,StopForumSpam_ToxicDomains,tranco_rank=362135,
casinosanremo.it,362261,,1,StopForumSpam_ToxicDomains,tranco_rank=362261,
soclikes.com,364676,,1,The_Block_List_Project_Fraud,tranco_rank=364676,
s3-updatehub.cc,365341,,1,ThreatFox,tranco_rank=365341,
acebet.cc,366144,,1,StopForumSpam_ToxicDomains,tranco_rank=366144,
wellhello.com,366198,,1,The_Block_List_Project_Fraud,tranco_rank=366198,
extensionplay.com,366624,,1,USOM,tranco_rank=366624,
gratisvps.net,366784,,1,Hexxium_Creations,tranco_rank=366784,
optumads.com,367929,,1,DandelionSprout,tranco_rank=367929,
liqwid.net,368124,,1,FadeMind,tranco_rank=368124,
allowandgo.com,368643,,1,DandelionSprout,tranco_rank=368643,
unrertivermalous.com,369941,,1,DandelionSprout,tranco_rank=369941,
afftrack.com,370291,,1,FadeMind,tranco_rank=370291,
netstaticpoints.com,371103,,1,USOM,tranco_rank=371103,
gufum.com,371693,,1,StopForumSpam_ToxicDomains,tranco_rank=371693,
trumops.com,371718,,1,DandelionSprout,tranco_rank=371718,
cloudcenter.top,371754,,1,USOM,tranco_rank=371754,
cntbank.ru,371772,,1,StopForumSpam_ToxicDomains,tranco_rank=371772,
jae888.com,372278,,1,ThreatFox,tranco_rank=372278,
sndvoices.com,372315,,1,Miroslav_Stampar,tranco_rank=372315,
csgobig.com,372437,,1,Hexxium_Creations,tranco_rank=372437,
rzd-partner.pro,372726,,1,USOM,tranco_rank=372726,
ashpaltlonpro.com,373224,,1,ThreatFox,tranco_rank=373224,
innaxx.com,373698,,1,DandelionSprout,tranco_rank=373698,
senourth.com,373856,,1,USOM,tranco_rank=373856,
requestrepo.com,375219,,1,USOM,tranco_rank=375219,
telemedi.com,377494,,1,KADhosts,tranco_rank=377494,
sirweara.com,378253,,1,KADhosts,tranco_rank=378253,
vn168aa.net,379796,,1,ThreatFox,tranco_rank=379796,
epldiamond.ru,380553,,1,StopForumSpam_ToxicDomains,tranco_rank=380553,
zebregts.com,381063,,1,ThreatFox,tranco_rank=381063,
webjam.com,381147,,1,The_Block_List_Project_Fraud,tranco_rank=381147,
doxbin.com,382049,,1,USOM,tranco_rank=382049,
linkbucks.com,382427,,1,FadeMind,tranco_rank=382427,
traveltipspage.com,382698,,1,USOM,tranco_rank=382698,
bosslike.ru,383014,,1,The_Block_List_Project_Fraud,tranco_rank=383014,
unifique.net,383380,,1,StopForumSpam_ToxicDomains,tranco_rank=383380,
strtbiz.site,383606,,1,USOM,tranco_rank=383606,
casa-versicherung.de,384995,,1,StopForumSpam_ToxicDomains,tranco_rank=384995,
101flow.site,385246,,1,StopForumSpam_ToxicDomains,tranco_rank=385246,
thisisafalsepositive.ru,385589,,1,ThreatFox,tranco_rank=385589,
download-free-games.com,386646,,1,Hexxium_Creations,tranco_rank=386646,
surl.lu,387100,,1,Phishing_Army,tranco_rank=387100,
firstpersonarts.org,387623,,1,ThreatFox,tranco_rank=387623,
serviceset.net,388290,,1,USOM,tranco_rank=388290,
htdig.org,388686,,1,StopForumSpam_ToxicDomains,tranco_rank=388686,
lobbydesires.com,388963,,1,USOM,tranco_rank=388963,
divinedirectory.com,389305,,1,ThreatFox,tranco_rank=389305,
detectis.ru,390014,,1,USOM,tranco_rank=390014,
zeobit.com,390083,,1,The_Block_List_Project_Fraud,tranco_rank=390083,
pcprotect.com,394374,,1,DandelionSprout,tranco_rank=394374,
sweetbonanza-casino.net,394633,,1,StopForumSpam_ToxicDomains,tranco_rank=394633,
bwpsites.com,395411,,1,CERT_Polska,tranco_rank=395411,
vetscommunityconnections.org,395497,,1,ThreatFox,tranco_rank=395497,
rce.ee,396201,,1,QuidsUp,tranco_rank=396201,
rttvnews.com,396525,,1,USOM,tranco_rank=396525,
uescort.com,396642,,1,StopForumSpam_ToxicDomains,tranco_rank=396642,
hell1-kitty.cc,396721,,1,USOM,tranco_rank=396721,
buddyfly.top,397174,,1,StopForumSpam_ToxicDomains,tranco_rank=397174,
msgrouppolicy.vg,397440,,2,Abuse.ch;ThreatFox,tranco_rank=397440,
leadia.services,397860,,2,CERT_Polska;Phishing_Army,tranco_rank=397860,
urlku.info,398122,,1,The_Block_List_Project_Fraud,tranco_rank=398122,
q74vn.live,398416,,1,USOM,tranco_rank=398416,
retoti.com,398871,,1,USOM,tranco_rank=398871,
novaopcj.icu,399673,,1,StopForumSpam_ToxicDomains,tranco_rank=399673,
milffinder.com,400756,,1,KADhosts,tranco_rank=400756,
assistance.uz,401547,,1,USOM,tranco_rank=401547,
discard.email,402404,,1,StopForumSpam_ToxicDomains,tranco_rank=402404,
xow.me,403239,,1,The_Block_List_Project_Fraud,tranco_rank=403239,
ntdnewtds.shop,403396,,1,ThreatFox,tranco_rank=403396,
helabet.com,403757,,1,DandelionSprout,tranco_rank=403757,
nativex.com,404819,,1,The_Block_List_Project_Fraud,tranco_rank=404819,
serverconect.cc,404938,,1,USOM,tranco_rank=404938,
coffeinoffice.xyz,405685,,1,USOM,tranco_rank=405685,
reflectingproject.com,406297,,1,DandelionSprout,tranco_rank=406297,
silcom.com,406631,,1,USOM,tranco_rank=406631,
24casino.com,406912,,1,StopForumSpam_ToxicDomains,tranco_rank=406912,
topsevenreviews.com,407553,,1,The_Block_List_Project_Fraud,tranco_rank=407553,
s-mania.com,407565,,1,KADhosts,tranco_rank=407565,
microservice-update-s2-bucket.cc,408980,,1,ThreatFox,tranco_rank=408980,
dklak.cam,409170,,1,USOM,tranco_rank=409170,
microservice-update-s1-bucket.cc,409452,,2,ThreatFox;USOM,tranco_rank=409452,
windows64.net,409800,,1,The_Block_List_Project_Fraud,tranco_rank=409800,
assemba.co.uk,410122,,1,USOM,tranco_rank=410122,
singingfiles.com,410932,,1,Phishing_Army,tranco_rank=410932,
gamedate.xyz,411015,,1,USOM,tranco_rank=411015,
hentaihavenxxx.ru,411663,,1,StopForumSpam_ToxicDomains,tranco_rank=411663,
chaoliufang.com,412635,,1,GlobalAntiScamOrg,tranco_rank=412635,
watchnowclick.com,412694,,1,DandelionSprout,tranco_rank=412694,
mc-tr.site,412930,,1,USOM,tranco_rank=412930,
azuresites.net,413188,,1,Hexxium_Creations,tranco_rank=413188,
conduit-services.com,413992,,1,QuidsUp,tranco_rank=413992,
enayu.com,415343,,1,StopForumSpam_ToxicDomains,tranco_rank=415343,
kaspernsky.com,417094,,1,USOM,tranco_rank=417094,
flotprom.ru,417361,,1,StopForumSpam_ToxicDomains,tranco_rank=417361,
propu.sh,417861,,1,QuidsUp,tranco_rank=417861,
googe.com,419363,,1,QuidsUp,tranco_rank=419363,
lklptttt.space,419407,,1,USOM,tranco_rank=419407,
wmail-service.com,419675,,1,USOM,tranco_rank=419675,
gooobet.com,420109,,1,DandelionSprout,tranco_rank=420109,
market-re.quest,420688,,1,StopForumSpam_ToxicDomains,tranco_rank=420688,
plimus.com,420742,,1,The_Block_List_Project_Fraud,tranco_rank=420742,
pulse.ly,420965,,1,Phishing_Army,tranco_rank=420965,
oppa888.com,421025,,1,DandelionSprout,tranco_rank=421025,
consumertestconnect.com,421068,,1,DandelionSprout,tranco_rank=421068,
naxnet.or.jp,421204,,1,USOM,tranco_rank=421204,
otbrana.com,421350,,1,USOM,tranco_rank=421350,
mail-uk.co.uk,421497,,1,StopForumSpam_ToxicDomains,tranco_rank=421497,
oneptp.com,421908,,1,USOM,tranco_rank=421908,
ubona.com,422608,,1,The_Block_List_Project_Scam,tranco_rank=422608,
frii.site,423067,,1,USOM,tranco_rank=423067,
ofegofo.biz,423191,,1,ThreatFox,tranco_rank=423191,
rsgoldfast.com,423335,,1,The_Block_List_Project_Fraud,tranco_rank=423335,
kckb.st,424411,,1,DandelionSprout,tranco_rank=424411,
mdmexclusives.com,424695,,1,Hexxium_Creations,tranco_rank=424695,
sportsevents365.com,426098,,1,The_Block_List_Project_Fraud,tranco_rank=426098,
klnptruu.space,426311,,1,USOM,tranco_rank=426311,
mywebsearch.com,427525,,1,FadeMind,tranco_rank=427525,
yotube.com,427563,,1,DandelionSprout,tranco_rank=427563,
202fliks.site,427992,,1,StopForumSpam_ToxicDomains,tranco_rank=427992,
proficredit.pl,431010,,1,KADhosts,tranco_rank=431010,
essay-company.com,432232,,1,The_Block_List_Project_Fraud,tranco_rank=432232,
aerotoxic.org,433084,,1,ThreatFox,tranco_rank=433084,
symbiosis.finance,433604,,1,GlobalAntiScamOrg,tranco_rank=433604,
atomictrivia.ru,434242,,1,USOM,tranco_rank=434242,
swifte.space,434647,,1,StopForumSpam_ToxicDomains,tranco_rank=434647,
scriptburn.com,434863,,2,CERT_Polska;Phishing_Army,tranco_rank=434863,
avspoilme.com,437844,,1,ThreatFox,tranco_rank=437844,
globalwits.cn,438038,,1,USOM,tranco_rank=438038,
minjust-kg.com,438508,,1,USOM,tranco_rank=438508,
57883.net,438843,,1,Mitchell_Krog,tranco_rank=438843,
mailforspam.com,438955,,1,StopForumSpam_ToxicDomains,tranco_rank=438955,
bj88jpn.com,439557,,1,ThreatFox,tranco_rank=439557,
goldenstar-casino.com,441734,,1,The_Block_List_Project_Fraud,tranco_rank=441734,
christchurchcasino.co.nz,441846,,1,StopForumSpam_ToxicDomains,tranco_rank=441846,
crowdstrikeupdate.com,443207,,1,USOM,tranco_rank=443207,
bestmade.xyz,443853,,1,USOM,tranco_rank=443853,
usa-careers.com,443879,,1,USOM,tranco_rank=443879,
melbet.cd,444764,,1,DandelionSprout,tranco_rank=444764,
trackfinanceworld.com,445028,,2,CERT_Polska;Phishing_Army,tranco_rank=445028,
kraken-shop24.com,445482,,1,StopForumSpam_ToxicDomains,tranco_rank=445482,
bobbrownhouse.com,445916,,1,ThreatFox,tranco_rank=445916,
mbsrv2.com,446361,,1,DandelionSprout,tranco_rank=446361,
webcstore.pw,447522,,1,Abuse.ch,tranco_rank=447522,
tttttt.me,448293,,1,USOM,tranco_rank=448293,
flu.cc,448902,,1,USOM,tranco_rank=448902,
huulog.com,449093,,1,USOM,tranco_rank=449093,
yydsma.com,449866,,1,USOM,tranco_rank=449866,
congratulateddepositioneasiest.com,450257,,1,DandelionSprout,tranco_rank=450257,
bulletproofdomai2n.com,450878,,2,ThreatFox;USOM,tranco_rank=450878,
businessvideonews.com,451093,,1,USOM,tranco_rank=451093,
4serial.com,452312,,1,StopForumSpam_ToxicDomains,tranco_rank=452312,
siraatskitchen.com,452645,,1,KADhosts,tranco_rank=452645,
naughtyza.co.za,452694,,1,ThreatFox,tranco_rank=452694,
fuhidd.com,454277,,1,USOM,tranco_rank=454277,
desi-xnxx.pro,454908,,1,Hexxium_Creations,tranco_rank=454908,
coin-hive.com,455982,,2,Hexxium_Creations;The_Block_List_Project_Fraud,tranco_rank=455982,
adsailor.com,456349,,1,DandelionSprout,tranco_rank=456349,
casualdating.com,456427,,1,KADhosts,tranco_rank=456427,
xmri.network,456704,,1,USOM,tranco_rank=456704,
wwopenclick.club,458105,,1,DandelionSprout,tranco_rank=458105,
parkerpublic.com,459034,,1,USOM,tranco_rank=459034,
robiox.com.py,459264,,2,OpenPhish;Phishing_Army,tranco_rank=459264,
chipteeamz.com,459374,,1,The_Block_List_Project_Scam,tranco_rank=459374,
binder-world.com,459622,,1,StopForumSpam_ToxicDomains,tranco_rank=459622,
bend-me-over.com,459682,,1,Hexxium_Creations,tranco_rank=459682,
cloudsponcer.com,460635,,1,USOM,tranco_rank=460635,
visvabharati.ac.in,460959,,1,ThreatFox,tranco_rank=460959,
prodproof.com,462647,,1,DandelionSprout,tranco_rank=462647,
ctccommunications.com.au,463401,,1,The_Block_List_Project_Fraud,tranco_rank=463401,
rewardzoneusa.com,463526,,1,The_Block_List_Project_Fraud,tranco_rank=463526,
nastyczechcash.com,463917,,1,StopForumSpam_ToxicDomains,tranco_rank=463917,
banei-keiba.or.jp,464247,,1,Phishing_Army,tranco_rank=464247,
thinkimpact.com,465346,,1,StopForumSpam_ToxicDomains,tranco_rank=465346,
kgauditcheck.com,465580,,1,USOM,tranco_rank=465580,
financecryptoworld.com,466907,,2,CERT_Polska;Phishing_Army,tranco_rank=466907,
holisto.com,467504,,1,StopForumSpam_ToxicDomains,tranco_rank=467504,
howtofix.guide,467694,,1,DandelionSprout,tranco_rank=467694,
ipcheck.cloud,468290,,1,USOM,tranco_rank=468290,
hacelu.com,468433,,2,ThreatFox;USOM,tranco_rank=468433,
secretcryptos.com,468439,,1,ThreatFox,tranco_rank=468439,
cmail.com,468724,,1,StopForumSpam_ToxicDomains,tranco_rank=468724,
vlc.de,469000,,1,QuidsUp,tranco_rank=469000,
biggestchlen.xyz,469110,,1,ThreatFox,tranco_rank=469110,
iuqerfsodp9ifjaposdfjhgosurijfaewrwergwff.com,469182,,1,DandelionSprout,tranco_rank=469182,
aboveboardcomplicate.com,469196,,1,DandelionSprout,tranco_rank=469196,
cinehi.com,469389,,1,The_Block_List_Project_Fraud,tranco_rank=469389,
sohbetturke.com,469672,,1,USOM,tranco_rank=469672,
unlimitedteacup.com,470483,,1,USOM,tranco_rank=470483,
magiccandles.eu,470694,,1,KADhosts,tranco_rank=470694,
gainedtelephone.com,470774,,1,DandelionSprout,tranco_rank=470774,
emlpro.com,471050,,1,StopForumSpam_ToxicDomains,tranco_rank=471050,
ggseocdn.com,471349,,1,USOM,tranco_rank=471349,
crowdstrike0day.com,472146,,1,USOM,tranco_rank=472146,
grinfeldmet.online,473649,,1,DandelionSprout,tranco_rank=473649,
xoilaczzzw.tv,473835,,1,ThreatFox,tranco_rank=473835,
applianceworldonline.com,474044,,1,The_Block_List_Project_Fraud,tranco_rank=474044,
dirtydieselcustom.ca,474330,,1,The_Block_List_Project_Fraud,tranco_rank=474330,
yesdates.com,475708,,1,The_Block_List_Project_Fraud,tranco_rank=475708,
grandpagooseberrygently.com,476108,,1,DandelionSprout,tranco_rank=476108,
bemobtracks.com,476874,,1,QuidsUp,tranco_rank=476874,
metadopt.io,476876,,1,ThreatFox,tranco_rank=476876,
astrologiaexistencial.com,477273,,1,Miroslav_Stampar,tranco_rank=477273,
msonline.help,480646,,1,USOM,tranco_rank=480646,
football-eg.com,480887,,1,Miroslav_Stampar,tranco_rank=480887,
ipconnect.services,481284,,1,DandelionSprout,tranco_rank=481284,
xn--krakn29-uya.com,481751,,1,StopForumSpam_ToxicDomains,tranco_rank=481751,
freeprosoftz.com,482019,,1,DandelionSprout,tranco_rank=482019,
tagclick-cdn.com,482408,,1,USOM,tranco_rank=482408,
ebnsina.top,483056,,2,Miroslav_Stampar;USOM,tranco_rank=483056,
virtuallaughing.com,483756,,1,USOM,tranco_rank=483756,
d-h.st,483901,,1,Hexxium_Creations,tranco_rank=483901,
supersuit.site,484296,,1,USOM,tranco_rank=484296,
patachou.com,485091,,1,The_Block_List_Project_Fraud,tranco_rank=485091,
holiday-updateservice.com,486099,,1,USOM,tranco_rank=486099,
haxnode.net,488112,,1,StopForumSpam_ToxicDomains,tranco_rank=488112,
andregiordan.com,488239,,1,ThreatFox,tranco_rank=488239,
nerapo.com,488811,,1,USOM,tranco_rank=488811,
uptodater.net,488997,,1,DandelionSprout,tranco_rank=488997,
pbilet.tech,489321,,1,USOM,tranco_rank=489321,
hibernianfc.co.uk,489765,,1,StopForumSpam_ToxicDomains,tranco_rank=489765,
impactfirst.co,491203,,1,StopForumSpam_ToxicDomains,tranco_rank=491203,
epicwow.com,491246,,1,Phishing_Army,tranco_rank=491246,
iceccasino.pl,492003,,1,KADhosts,tranco_rank=492003,
outcrol.biz,492442,,1,ThreatFox,tranco_rank=492442,
linkddl.com,492809,,1,The_Block_List_Project_Fraud,tranco_rank=492809,
raymodul.com,493313,,1,Miroslav_Stampar,tranco_rank=493313,
pensionhotel.de,493735,,1,USOM,tranco_rank=493735,
shorten.is,494137,,1,Phishing_Army,tranco_rank=494137,
fuckfinder.com,494582,,1,KADhosts,tranco_rank=494582,
gameangel.com,494706,,1,FadeMind,tranco_rank=494706,
veertua.com,495031,,1,Miroslav_Stampar,tranco_rank=495031,
ins.com,495990,,1,StopForumSpam_ToxicDomains,tranco_rank=495990,
lustgames.org,496012,,1,StopForumSpam_ToxicDomains,tranco_rank=496012,
xoilacztl.tv,496653,,1,ThreatFox,tranco_rank=496653,
flyermobi.com,497061,,1,USOM,tranco_rank=497061,
anonaddy.com,497065,,1,StopForumSpam_ToxicDomains,tranco_rank=497065,
install-anydesk.com,497234,,1,USOM,tranco_rank=497234,
alphazero1-endscape.cc,497470,,2,ThreatFox;USOM,tranco_rank=497470,
mannawo.com,497723,,1,StopForumSpam_ToxicDomains,tranco_rank=497723,
perfectmoney.is,498056,,1,The_Block_List_Project_Fraud,tranco_rank=498056,
seoprofisional.ru,498099,,1,StopForumSpam_ToxicDomains,tranco_rank=498099,
poxzxin.cyou,498246,,1,ThreatFox,tranco_rank=498246,
webdmonitor.io,498622,,1,USOM,tranco_rank=498622,
yougandan.com,498834,,1,Miroslav_Stampar,tranco_rank=498834,
atakamul.com,498875,,1,Miroslav_Stampar,tranco_rank=498875,
bluestacks-install.com,500080,,1,USOM,tranco_rank=500080,
sssjhvycytjnjoo.cn,500171,,1,ThreatFox,tranco_rank=500171,
bellyfatz.xyz,500302,,1,Miroslav_Stampar,tranco_rank=500302,
spencerstuartllc.top,500321,,2,Miroslav_Stampar;USOM,tranco_rank=500321,
vulkanvegas.casino,500764,,1,DandelionSprout,tranco_rank=500764,
aanqylta.com,501001,,2,Mitchell_Krog;USOM,tranco_rank=501001,
worldhomeoutlet.com,501125,,1,USOM,tranco_rank=501125,
bwsr.eu,501145,,1,Miroslav_Stampar,tranco_rank=501145,
bore.pub,501233,,1,USOM,tranco_rank=501233,
eytsoft.com,501764,,1,Miroslav_Stampar,tranco_rank=501764,
smmyt.ru,502165,,1,The_Block_List_Project_Fraud,tranco_rank=502165,
doctorsmm.com,502363,,1,The_Block_List_Project_Fraud,tranco_rank=502363,
updaterituals.com,502669,,1,USOM,tranco_rank=502669,
popunder.ru,502795,,1,FadeMind,tranco_rank=502795,
healy.world,502812,,1,KADhosts,tranco_rank=502812,
idns889.net,503307,,1,StopForumSpam_ToxicDomains,tranco_rank=503307,
zachteno.net,503446,,1,The_Block_List_Project_Fraud,tranco_rank=503446,
lnk.ink,504559,,1,Phishing_Army,tranco_rank=504559,
datafishers.com,505299,,1,Miroslav_Stampar,tranco_rank=505299,
skarbnicanarodowa.pl,505672,,1,KADhosts,tranco_rank=505672,
vipwxb.com,506637,,1,StopForumSpam_ToxicDomains,tranco_rank=506637,
atarbiyahpulpen.online,507251,,1,Miroslav_Stampar,tranco_rank=507251,
primeblog.us,507381,,1,StopForumSpam_ToxicDomains,tranco_rank=507381,
icam.fr,508847,,1,StopForumSpam_ToxicDomains,tranco_rank=508847,
putty.bet,509628,,1,USOM,tranco_rank=509628,
studentloananalyzer.com,509651,,1,Miroslav_Stampar,tranco_rank=509651,
primacasino.ro,509845,,1,StopForumSpam_ToxicDomains,tranco_rank=509845,
abdicatefluke.com,510682,,1,DandelionSprout,tranco_rank=510682,
callbackkiller.com,510851,,1,The_Block_List_Project_Fraud,tranco_rank=510851,
dnsgogle.com,511152,,1,USOM,tranco_rank=511152,
lhub.to,511328,,1,Phishing_Army,tranco_rank=511328,
stranbild.xyz,511378,,1,Miroslav_Stampar,tranco_rank=511378,
operatingbox.com,511552,,1,USOM,tranco_rank=511552,
geosrt.com,511590,,1,Miroslav_Stampar,tranco_rank=511590,
atprofessional.org,511651,,1,Miroslav_Stampar,tranco_rank=511651,
sundargarhmirror.com,511729,,1,Miroslav_Stampar,tranco_rank=511729,
enginebuildltd.co.uk,511922,,1,Miroslav_Stampar,tranco_rank=511922,
assignmenthelperuk.co.uk,512243,,1,The_Block_List_Project_Fraud,tranco_rank=512243,
rsimadinah.com,512280,,1,Miroslav_Stampar,tranco_rank=512280,
aeerso.space,513620,,1,StopForumSpam_ToxicDomains,tranco_rank=513620,
techniciantext.com,514037,,1,USOM,tranco_rank=514037,
myphamjapan.com,514131,,1,Miroslav_Stampar,tranco_rank=514131,
minecamff.com,514257,,1,Miroslav_Stampar,tranco_rank=514257,
lawdragon.com,514312,,1,The_Block_List_Project_Fraud,tranco_rank=514312,
lm360.us,514357,,1,StopForumSpam_ToxicDomains,tranco_rank=514357,
verification.com,514668,,1,StopForumSpam_ToxicDomains,tranco_rank=514668,
preozone.com,514716,,3,CERT_Polska;KADhosts;Phishing_Army,tranco_rank=514716,
bingoroll3.net,515251,,1,Miroslav_Stampar,tranco_rank=515251,
xoilaczzzzb.tv,515277,,1,ThreatFox,tranco_rank=515277,
thedesirelife.com,515358,,1,Miroslav_Stampar,tranco_rank=515358,
sparkjoy.cc,515395,,1,USOM,tranco_rank=515395,
es-megadom.com,516190,,1,Miroslav_Stampar,tranco_rank=516190,
247tril.xyz,516348,,1,Miroslav_Stampar,tranco_rank=516348,
advokatemelyanov.ru,516825,,1,Miroslav_Stampar,tranco_rank=516825,
qwesxzxngtf.cn,516841,,1,ThreatFox,tranco_rank=516841,
sageartisan.com,516956,,1,Miroslav_Stampar,tranco_rank=516956,
pairturnnumerous.com,517056,,1,DandelionSprout,tranco_rank=517056,
contactcenterworld.com,517160,,1,The_Block_List_Project_Fraud,tranco_rank=517160,
paniesx.com,517292,,1,USOM,tranco_rank=517292,
notped.com,517435,,1,USOM,tranco_rank=517435,
web-panel.online,517584,,1,Miroslav_Stampar,tranco_rank=517584,
vegandietary.com,517643,,1,Miroslav_Stampar,tranco_rank=517643,
ngrehab.biz,517982,,1,Miroslav_Stampar,tranco_rank=517982,
2ly.link,518351,,1,USOM,tranco_rank=518351,
institto.casa,518400,,1,Miroslav_Stampar,tranco_rank=518400,
7search.com,518605,,2,FadeMind;Mitchell_Krog,tranco_rank=518605,
virtualwebdata.com,518640,,1,USOM,tranco_rank=518640,
secretmassageclub.co.uk,518958,,1,Miroslav_Stampar,tranco_rank=518958,
gymony.club,518988,,1,Miroslav_Stampar,tranco_rank=518988,
tericathwayake.xyz,519273,,2,Miroslav_Stampar;USOM,tranco_rank=519273,
updaterputty.com,519329,,1,USOM,tranco_rank=519329,
sarymar.com,519669,,1,USOM,tranco_rank=519669,
coxx.one,520024,,1,Miroslav_Stampar,tranco_rank=520024,
mills-skyla30ec.com,520390,,1,Miroslav_Stampar,tranco_rank=520390,
rojasgown.com,520480,,1,Miroslav_Stampar,tranco_rank=520480,
foxydownloader.com,520911,,1,Miroslav_Stampar,tranco_rank=520911,
elkoru.com,521111,,1,Miroslav_Stampar,tranco_rank=521111,
ubsco.uk,521772,,1,Miroslav_Stampar,tranco_rank=521772,
creadevents.us,521998,,1,Miroslav_Stampar,tranco_rank=521998,
hexesq.cyou,522058,,1,ThreatFox,tranco_rank=522058,
gidonline.net,522975,,1,DandelionSprout,tranco_rank=522975,
brightervisionsites30.com,522977,,1,Miroslav_Stampar,tranco_rank=522977,
shootr.cyou,523312,,1,ThreatFox,tranco_rank=523312,
relayontop.dad,523381,,1,ThreatFox,tranco_rank=523381,
moem-my.com,523388,,1,Miroslav_Stampar,tranco_rank=523388,
kngusa.com,523660,,1,StopForumSpam_ToxicDomains,tranco_rank=523660,
amos-malware.ru,523721,,2,Miroslav_Stampar;USOM,tranco_rank=523721,
fishenddog.xyz,523780,,1,Miroslav_Stampar,tranco_rank=523780,
iridium.services,523801,,1,Miroslav_Stampar,tranco_rank=523801,
dodstep.cyou,523836,,1,Miroslav_Stampar,tranco_rank=523836,
buziaczek.pl,523966,,1,StopForumSpam_ToxicDomains,tranco_rank=523966,
tstamore.info,524020,,1,Miroslav_Stampar,tranco_rank=524020,
888vnd.vip,524034,,1,ThreatFox,tranco_rank=524034,
vubby.com,524150,,1,StopForumSpam_ToxicDomains,tranco_rank=524150,
samuraistudio.com.mx,524203,,1,Miroslav_Stampar,tranco_rank=524203,
essaypay.com,524542,,1,The_Block_List_Project_Fraud,tranco_rank=524542,
dragonstraffic.com,524579,,1,USOM,tranco_rank=524579,
navalc.cyou,525104,,1,ThreatFox,tranco_rank=525104,
infobao3jdo.com,525996,,1,Miroslav_Stampar,tranco_rank=525996,
dantsechs.net,526088,,2,Miroslav_Stampar;USOM,tranco_rank=526088,
pashtu.cyou,526148,,1,ThreatFox,tranco_rank=526148,
chetopenimette.com,526331,,1,DandelionSprout,tranco_rank=526331,
talentztech.com,527156,,1,Miroslav_Stampar,tranco_rank=527156,
doshlforex.com,527463,,1,Miroslav_Stampar,tranco_rank=527463,
tbyt.club,527522,,1,Miroslav_Stampar,tranco_rank=527522,
donotclick.foo,527527,,1,ThreatFox,tranco_rank=527527,
all-widget.com,527607,,1,USOM,tranco_rank=527607,
banjalucke-ljepotice.ru,527918,,1,USOM,tranco_rank=527918,
pharmacieducentre-marly.fr,527926,,1,Redflag,tranco_rank=527926,
wherdiapospir.com,527977,,1,DandelionSprout,tranco_rank=527977,
abvent.com,529893,,1,StopForumSpam_ToxicDomains,tranco_rank=529893,
gde-kupit-cveti.ru,530247,,1,StopForumSpam_ToxicDomains,tranco_rank=530247,
djeshwxzsiz.biz,530365,,1,Miroslav_Stampar,tranco_rank=530365,
fisconline.casa,530734,,1,Miroslav_Stampar,tranco_rank=530734,
italiandirezione.casa,530813,,1,Miroslav_Stampar,tranco_rank=530813,
enteringgranary.com,530915,,1,DandelionSprout,tranco_rank=530915,
instafollowers.co,530926,,1,The_Block_List_Project_Fraud,tranco_rank=530926,
mincir07.top,531006,,1,Miroslav_Stampar,tranco_rank=531006,
liquidaz.casa,531272,,1,Miroslav_Stampar,tranco_rank=531272,
freefr.fr,531863,,1,Redflag,tranco_rank=531863,
skassets.com,531989,,1,FadeMind,tranco_rank=531989,
playerassist.com,532246,,1,FadeMind,tranco_rank=532246,
ionicj.cyou,533544,,1,ThreatFox,tranco_rank=533544,
essayssolution.com,534487,,1,StopForumSpam_ToxicDomains,tranco_rank=534487,
insta-sex.com,534820,,1,Hexxium_Creations,tranco_rank=534820,
zlink0.com,536126,,1,DandelionSprout,tranco_rank=536126,
solscan.one,536347,,1,USOM,tranco_rank=536347,
detse.net,536992,,2,Miroslav_Stampar;USOM,tranco_rank=536992,
2fa.vn,537362,,1,StopForumSpam_ToxicDomains,tranco_rank=537362,
afzarkara.com,537471,,1,ThreatFox,tranco_rank=537471,
bluefish.work,537660,,1,USOM,tranco_rank=537660,
bongsebing.com,537677,,1,ThreatFox,tranco_rank=537677,
evadavdsp.pro,538100,,1,DandelionSprout,tranco_rank=538100,
fastddns.net,538130,,1,StopForumSpam_ToxicDomains,tranco_rank=538130,
fix-crowdstrike-bsod.com,538171,,1,USOM,tranco_rank=538171,
jcibj.com,538585,,1,The_Block_List_Project_Fraud,tranco_rank=538585,
magistv.video,538800,,1,USOM,tranco_rank=538800,
pdfdoccentral.com,539178,,1,USOM,tranco_rank=539178,
pdfonestartlive.com,539179,,1,USOM,tranco_rank=539179,
solartrackingsystem.net,539592,,1,USOM,tranco_rank=539592,
webfun.website,539997,,2,OpenPhish;Phishing_Army,tranco_rank=539997,
toolhelper.xyz,541206,,1,Miroslav_Stampar,tranco_rank=541206,
xoilacztf.tv,541221,,1,ThreatFox,tranco_rank=541221,
90phutiu.cc,541656,,1,ThreatFox,tranco_rank=541656,
voubucleonteri.xyz,542231,,2,Miroslav_Stampar;USOM,tranco_rank=542231,
goldenspoon.click,542411,,1,USOM,tranco_rank=542411,
crypto-loot.com,542498,,1,USOM,tranco_rank=542498,
labudanka1.com,542981,,1,USOM,tranco_rank=542981,
webcrystal.sbs,543259,,2,ThreatFox;USOM,tranco_rank=543259,
we-b-tv.com,543837,,1,StopForumSpam_ToxicDomains,tranco_rank=543837,
uncilingalin.com,543937,,1,DandelionSprout,tranco_rank=543937,
valor.bet,544356,,1,USOM,tranco_rank=544356,
sloffer1.com,544597,,1,DandelionSprout,tranco_rank=544597,
fulledu.ru,545052,,1,StopForumSpam_ToxicDomains,tranco_rank=545052,
getnada.com,545163,,1,StopForumSpam_ToxicDomains,tranco_rank=545163,
security-protect.systems,546538,,1,USOM,tranco_rank=546538,
miners-gold.com,546697,,1,Miroslav_Stampar,tranco_rank=546697,
eurasiacl--kr.com,546803,,1,Miroslav_Stampar,tranco_rank=546803,
ndbstats.online,546867,,1,DandelionSprout,tranco_rank=546867,
emlhub.com,546986,,1,StopForumSpam_ToxicDomains,tranco_rank=546986,
holicithed.com,547990,,1,USOM,tranco_rank=547990,
link3.to,549444,,1,GlobalAntiScamOrg,tranco_rank=549444,
witra.ru,549894,,2,Miroslav_Stampar;USOM,tranco_rank=549894,
wowapplecar.com,549895,,1,USOM,tranco_rank=549895,
onlinelive.info,551698,,1,USOM,tranco_rank=551698,
ymail.net,551709,,1,StopForumSpam_ToxicDomains,tranco_rank=551709,
uscasinoguides.com,552361,,1,StopForumSpam_ToxicDomains,tranco_rank=552361,
nine-casinosfr.fr,552476,,1,Redflag,tranco_rank=552476,
cinefound.com,552962,,1,The_Block_List_Project_Fraud,tranco_rank=552962,
onramp.money,553036,,1,GlobalAntiScamOrg,tranco_rank=553036,
hashing24.com,553594,,1,The_Block_List_Project_Fraud,tranco_rank=553594,
enriqueiglesias.com,553733,,1,The_Block_List_Project_Fraud,tranco_rank=553733,
moneypotlol.com,554105,,1,Miroslav_Stampar,tranco_rank=554105,
gggatat456.com,554389,,1,USOM,tranco_rank=554389,
xoilacvvw.cc,554984,,1,ThreatFox,tranco_rank=554984,
emltmp.com,555449,,1,StopForumSpam_ToxicDomains,tranco_rank=555449,
transformdestiny.com,555499,,1,StopForumSpam_ToxicDomains,tranco_rank=555499,
egb.com,555741,,1,Hexxium_Creations,tranco_rank=555741,
tmclub.eu,556116,,1,USOM,tranco_rank=556116,
essayerudite.com,556315,,1,The_Block_List_Project_Fraud,tranco_rank=556315,
honeyplaybox.com,556375,,1,StopForumSpam_ToxicDomains,tranco_rank=556375,
nukoxa.com,556752,,1,DandelionSprout,tranco_rank=556752,
hesovaw.com,557567,,1,USOM,tranco_rank=557567,
cuoly.com,558509,,1,StopForumSpam_ToxicDomains,tranco_rank=558509,
jbfrost.live,559442,,1,USOM,tranco_rank=559442,
tempail.com,559617,,1,StopForumSpam_ToxicDomains,tranco_rank=559617,
cawada.com,559911,,1,Miroslav_Stampar,tranco_rank=559911,
xmrpool.net,559941,,1,The_Block_List_Project_Fraud,tranco_rank=559941,
crazygamesonline.com,560601,,1,StopForumSpam_ToxicDomains,tranco_rank=560601,
xoilactvlinkc.com,561015,,1,ThreatFox,tranco_rank=561015,
hotmial.com,561344,,1,StopForumSpam_ToxicDomains,tranco_rank=561344,
toknowall.com,561360,,1,USOM,tranco_rank=561360,
firewall-sentinel.cc,563227,,1,ThreatFox,tranco_rank=563227,
tropicalsands.club,563487,,1,DandelionSprout,tranco_rank=563487,
flirtgleich.com,565825,,1,The_Block_List_Project_Fraud,tranco_rank=565825,
academiaprogreso.com,566291,,1,Miroslav_Stampar,tranco_rank=566291,
serverop-parametrs.com,566333,,1,USOM,tranco_rank=566333,
gamingdragons.com,566468,,1,The_Block_List_Project_Fraud,tranco_rank=566468,
connectinfrared.com,566495,,2,CERT_Polska;Phishing_Army,tranco_rank=566495,
printersupport24x7.com,566764,,1,The_Block_List_Project_Fraud,tranco_rank=566764,
snapjudgment.org,567000,,1,The_Block_List_Project_Fraud,tranco_rank=567000,
siga.com.pe,567340,,1,Miroslav_Stampar,tranco_rank=567340,
inteledirect.com,567770,,1,Hexxium_Creations,tranco_rank=567770,
kickasstorrents.ee,568574,,1,Hexxium_Creations,tranco_rank=568574,
ninecasinoenligne-fr.fr,570350,,1,Redflag,tranco_rank=570350,
abrahackbugs.xyz,570721,,1,QuidsUp,tranco_rank=570721,
badurka5hippo73.top,571713,,2,Miroslav_Stampar;USOM,tranco_rank=571713,
holika.com,572482,,1,FadeMind,tranco_rank=572482,
assignlabor.com,573144,,1,DandelionSprout,tranco_rank=573144,
mindorbittest.com,573618,,1,USOM,tranco_rank=573618,
asiacharm.com,573899,,1,The_Block_List_Project_Fraud,tranco_rank=573899,
audiopoisk.com,574561,,1,DandelionSprout,tranco_rank=574561,
goggle.com,575161,,2,Hexxium_Creations;The_Block_List_Project_Fraud,tranco_rank=575161,
servr.org,575281,,1,StopForumSpam_ToxicDomains,tranco_rank=575281,
poczta.pl,575557,,1,StopForumSpam_ToxicDomains,tranco_rank=575557,
smvmail.com,575679,,1,StopForumSpam_ToxicDomains,tranco_rank=575679,
criptoeconomia.com.br,576375,,1,KADhosts,tranco_rank=576375,
casinodeparis.fr,576707,,1,StopForumSpam_ToxicDomains,tranco_rank=576707,
lihi2.me,576713,,1,Phishing_Army,tranco_rank=576713,
linkerfunyfile.store,577006,,1,Miroslav_Stampar,tranco_rank=577006,
popnike-share.com,579079,,1,USOM,tranco_rank=579079,
formdesigner.pro,579423,,1,Phishing_Army,tranco_rank=579423,
global-careers.com,580531,,1,USOM,tranco_rank=580531,
flimsypark.com,580532,,1,DandelionSprout,tranco_rank=580532,
psishops.com,581268,,1,Miroslav_Stampar,tranco_rank=581268,
careerfinder.ro,581552,,1,USOM,tranco_rank=581552,
krovatka.su,582550,,1,StopForumSpam_ToxicDomains,tranco_rank=582550,
starfieldupdate.com,583247,,2,CERT_Polska;Phishing_Army,tranco_rank=583247,
lockedapp.org,583991,,1,DandelionSprout,tranco_rank=583991,
dementia.org.sg,583997,,1,Miroslav_Stampar,tranco_rank=583997,
cakhiaan.cc,584829,,1,ThreatFox,tranco_rank=584829,
bashupload.com,584980,,1,USOM,tranco_rank=584980,
eastlosangelesitconsultants.com,585972,,1,ThreatFox,tranco_rank=585972,
sys-kernel-update.to,586506,,1,ThreatFox,tranco_rank=586506,
bonsoirmail.com,588734,,1,StopForumSpam_ToxicDomains,tranco_rank=588734,
ts-tracker.me,589256,,1,DandelionSprout,tranco_rank=589256,
isemail.com,590747,,1,StopForumSpam_ToxicDomains,tranco_rank=590747,
jbsmediaventures.com,591110,,1,Miroslav_Stampar,tranco_rank=591110,
gmall.com,591171,,1,StopForumSpam_ToxicDomains,tranco_rank=591171,
capoeiraventrelivre.com,591254,,1,Miroslav_Stampar,tranco_rank=591254,
asusiran.com,591559,,1,USOM,tranco_rank=591559,
airtravellog.com,591715,,1,USOM,tranco_rank=591715,
ccwaterfall.com,591791,,1,USOM,tranco_rank=591791,
theo.digital,591832,,1,Miroslav_Stampar,tranco_rank=591832,
micronews.eu,591952,,1,Miroslav_Stampar,tranco_rank=591952,
firmwaresystemupdate.com,592369,,1,USOM,tranco_rank=592369,
hotllove.net,592464,,1,DandelionSprout,tranco_rank=592464,
populiser.com,592636,,1,StopForumSpam_ToxicDomains,tranco_rank=592636,
etablebuterline.xyz,592644,,1,Miroslav_Stampar,tranco_rank=592644,
manualreaderpro.com,592813,,1,USOM,tranco_rank=592813,
ehealthpsuluth.com,593097,,1,USOM,tranco_rank=593097,
gesit.id,593120,,1,StopForumSpam_ToxicDomains,tranco_rank=593120,
ant.com,593167,,1,FadeMind,tranco_rank=593167,
ama529.ru,593267,,1,Miroslav_Stampar,tranco_rank=593267,
tsbo.company,593655,,1,Miroslav_Stampar,tranco_rank=593655,
linestats.casa,593968,,1,Miroslav_Stampar,tranco_rank=593968,
999nudes.com,593981,,1,StopForumSpam_ToxicDomains,tranco_rank=593981,
freedomly.top,594005,,1,Miroslav_Stampar,tranco_rank=594005,
godark.xyz,594492,,1,Miroslav_Stampar,tranco_rank=594492,
getonline.support,594542,,1,The_Block_List_Project_Fraud,tranco_rank=594542,
mail333.com,594564,,1,StopForumSpam_ToxicDomains,tranco_rank=594564,
acupuncturebentonville.com,594646,,1,USOM,tranco_rank=594646,
yeswevibe.com,597763,,1,The_Block_List_Project_Scam,tranco_rank=597763,
jtbtigers.com,598108,,1,Phishing_Army,tranco_rank=598108,
gnail.com,598253,,1,StopForumSpam_ToxicDomains,tranco_rank=598253,
themexp.org,598327,,1,FadeMind,tranco_rank=598327,
wiklundkurucuk.com,600193,,1,StopForumSpam_ToxicDomains,tranco_rank=600193,
thetacticstore.com,600331,,1,USOM,tranco_rank=600331,
markswaitingrouge.com,601046,,1,DandelionSprout,tranco_rank=601046,
gimal.com,601494,,1,StopForumSpam_ToxicDomains,tranco_rank=601494,
surxmayor.com,601882,,1,Phishing_Army,tranco_rank=601882,
5figureday.com,602377,,1,The_Block_List_Project_Fraud,tranco_rank=602377,
funeducation.com,602574,,1,DandelionSprout,tranco_rank=602574,
pbterra.com,602614,,1,QuidsUp,tranco_rank=602614,
rttvnews.ru,603140,,1,USOM,tranco_rank=603140,
gsecurecontent.com,603178,,1,DandelionSprout,tranco_rank=603178,
hightkdhe.store,603993,,1,USOM,tranco_rank=603993,
bipko.info,604142,,1,StopForumSpam_ToxicDomains,tranco_rank=604142,
bachpanglobal.com,604803,,1,StopForumSpam_ToxicDomains,tranco_rank=604803,
1hwy.com,605205,,1,Mitchell_Krog,tranco_rank=605205,
qingniatouzi.com,606002,,1,Miroslav_Stampar,tranco_rank=606002,
marketinsidedata.com,606538,,1,USOM,tranco_rank=606538,
usenet.nl,606594,,1,Hexxium_Creations,tranco_rank=606594,
mdfinstruments.com,606725,,1,The_Block_List_Project_Fraud,tranco_rank=606725,
gmial.com,607034,,2,QuidsUp;StopForumSpam_ToxicDomains,tranco_rank=607034,
arbitrarycode.site,607488,,1,Miroslav_Stampar,tranco_rank=607488,
suited45trk.com,607642,,1,The_Block_List_Project_Fraud,tranco_rank=607642,
prismgp.com,607719,,1,StopForumSpam_ToxicDomains,tranco_rank=607719,
hostingtinysoft.space,607775,,1,Miroslav_Stampar,tranco_rank=607775,
ewiroa.com,607799,,1,DandelionSprout,tranco_rank=607799,
0network.com,608067,,1,DandelionSprout,tranco_rank=608067,
unitedplantations.xyz,608817,,2,Miroslav_Stampar;USOM,tranco_rank=608817,
webcamsroom.com,608924,,1,StopForumSpam_ToxicDomains,tranco_rank=608924,
pissmail.com,609979,,1,StopForumSpam_ToxicDomains,tranco_rank=609979,
gaja79.com,610101,,1,FadeMind,tranco_rank=610101,
djekxa.ru,610368,,1,The_Block_List_Project_Fraud,tranco_rank=610368,
fakeupdate.net,610511,,1,The_Block_List_Project_Fraud,tranco_rank=610511,
bingsearchlib.com,610530,,1,QuidsUp,tranco_rank=610530,
smrturl.co,611297,,1,KADhosts,tranco_rank=611297,
mibbpersonales.com,611887,,1,Miroslav_Stampar,tranco_rank=611887,
entertainrankreprimand.com,611920,,1,DandelionSprout,tranco_rank=611920,
certificamayor.com,612192,,1,Miroslav_Stampar,tranco_rank=612192,
adcreators.com.au,612568,,1,USOM,tranco_rank=612568,
trashmail.com,613000,,1,StopForumSpam_ToxicDomains,tranco_rank=613000,
utrka.com,614304,,1,StopForumSpam_ToxicDomains,tranco_rank=614304,
wxhkdcxdhjv.biz,614464,,1,Miroslav_Stampar,tranco_rank=614464,
xmrpool.eu,615827,,1,The_Block_List_Project_Fraud,tranco_rank=615827,
kanagannne.xyz,616840,,1,Miroslav_Stampar,tranco_rank=616840,
yingxnimetals.com,617013,,1,Miroslav_Stampar,tranco_rank=617013,
kma.biz,617333,,1,The_Block_List_Project_Fraud,tranco_rank=617333,
cdngateway.us,618408,,1,USOM,tranco_rank=618408,
zismo.biz,618663,,1,The_Block_List_Project_Fraud,tranco_rank=618663,
sharklasers.com,618755,,1,StopForumSpam_ToxicDomains,tranco_rank=618755,
omnatuor.com,618968,,1,QuidsUp,tranco_rank=618968,
trusted-broker-reviews.com,620456,,1,KADhosts,tranco_rank=620456,
onlinecasinoselite.org,620756,,1,StopForumSpam_ToxicDomains,tranco_rank=620756,
gohazeldale.com,620829,,1,USOM,tranco_rank=620829,
e-connection.ru,620884,,1,USOM,tranco_rank=620884,
xxxatat456.com,621840,,1,USOM,tranco_rank=621840,
roblox.com.ge,621995,,1,Phishing_Army,tranco_rank=621995,
underdog2.xyz,622618,,2,Miroslav_Stampar;USOM,tranco_rank=622618,
vulkanvegastop.com,623031,,1,KADhosts,tranco_rank=623031,
guifenergy.co.ke,623414,,1,Miroslav_Stampar,tranco_rank=623414,
replanliving.co.uk,623439,,1,Miroslav_Stampar,tranco_rank=623439,
allbio.link,624641,,1,Phishing_Army,tranco_rank=624641,
trenz.pl,625312,,1,USOM,tranco_rank=625312,
cant3am.com,625858,,1,DandelionSprout,tranco_rank=625858,
investorsstartpage.com,626025,,1,The_Block_List_Project_Fraud,tranco_rank=626025,
trkpostback.com,626742,,1,DandelionSprout,tranco_rank=626742,
sachiepvien.net,627960,,1,StopForumSpam_ToxicDomains,tranco_rank=627960,
haircutmenfrederickmd.com,629549,,1,ThreatFox,tranco_rank=629549,
gide.com,630482,,1,StopForumSpam_ToxicDomains,tranco_rank=630482,
csgoprofind.net,631837,,1,Miroslav_Stampar,tranco_rank=631837,
empautlipa.com,633606,,1,USOM,tranco_rank=633606,
romb.net,634577,,1,StopForumSpam_ToxicDomains,tranco_rank=634577,
gratisweb.com,634696,,2,FadeMind;Mitchell_Krog,tranco_rank=634696,
gmmail.com,635147,,1,StopForumSpam_ToxicDomains,tranco_rank=635147,
fastconnectnetwork.com,635421,,1,USOM,tranco_rank=635421,
blowingwind.xyz,635438,,1,DandelionSprout,tranco_rank=635438,
crushfall.com,635709,,2,Phishing_Army;ThreatFox,tranco_rank=635709,
hgame33.com,637442,,1,USOM,tranco_rank=637442,
rahasyavedicastrology.com,637985,,1,The_Block_List_Project_Fraud,tranco_rank=637985,
abiraf.com,638268,,1,Phishing_Army,tranco_rank=638268,
luglawhaulsano.net,639495,,1,DandelionSprout,tranco_rank=639495,
pureluck.click,639963,,2,CERT_Polska;Phishing_Army,tranco_rank=639963,
cyber-fuck.com,642025,,1,KADhosts,tranco_rank=642025,
binaryoption.ae,642238,,1,StopForumSpam_ToxicDomains,tranco_rank=642238,
echojoy.xyz,642903,,1,USOM,tranco_rank=642903,
alyssapizermanagementblog.com,643769,,1,Phishing_Army,tranco_rank=643769,
xoilackc.tv,644373,,1,ThreatFox,tranco_rank=644373,
wildbmail.com,646383,,1,StopForumSpam_ToxicDomains,tranco_rank=646383,
enron.com,646405,,1,StopForumSpam_ToxicDomains,tranco_rank=646405,
ssinvestimentos.com,646514,,1,StopForumSpam_ToxicDomains,tranco_rank=646514,
expialidosius.com,646924,,1,DandelionSprout,tranco_rank=646924,
becovi.com,647072,,1,DandelionSprout,tranco_rank=647072,
mcrane.jp,648435,,1,Phishing_Army,tranco_rank=648435,
precisionbiomeds.com,648469,,1,USOM,tranco_rank=648469,
eduzaurus.com,648637,,1,The_Block_List_Project_Fraud,tranco_rank=648637,
theroots.in,650372,,1,USOM,tranco_rank=650372,
rewardspark.co,651524,,1,DandelionSprout,tranco_rank=651524,
yomail.info,651533,,1,StopForumSpam_ToxicDomains,tranco_rank=651533,
kingkong.co,651969,,1,KADhosts,tranco_rank=651969,
futureddospzmvq.shop,652041,,1,USOM,tranco_rank=652041,
smartdeconline.com,652832,,1,KADhosts,tranco_rank=652832,
decentral.business,653155,,1,USOM,tranco_rank=653155,
googie-anaiytics.com,654176,,1,QuidsUp,tranco_rank=654176,
fget-career.com,654285,,1,USOM,tranco_rank=654285,
dsvchost.com,654882,,1,USOM,tranco_rank=654882,
tacoblastmail.com,655009,,1,StopForumSpam_ToxicDomains,tranco_rank=655009,
karipsis.com,656029,,1,USOM,tranco_rank=656029,
support-router.com,656685,,1,The_Block_List_Project_Fraud,tranco_rank=656685,
explorethemed.com,657642,,1,ThreatFox,tranco_rank=657642,
qr.fm,657914,,1,Phishing_Army,tranco_rank=657914,
generaccion.com,658514,,1,The_Block_List_Project_Fraud,tranco_rank=658514,
blocktestingto.com,659052,,1,USOM,tranco_rank=659052,
yandesks.net,660708,,1,USOM,tranco_rank=660708,
grr.la,662362,,1,StopForumSpam_ToxicDomains,tranco_rank=662362,
tubermail.com,662744,,1,StopForumSpam_ToxicDomains,tranco_rank=662744,
awriter.org,662775,,1,The_Block_List_Project_Fraud,tranco_rank=662775,
eblanomail.com,662859,,1,StopForumSpam_ToxicDomains,tranco_rank=662859,
hacklinkpanel.app,662876,,1,USOM,tranco_rank=662876,
filecat.net,662892,,1,StopForumSpam_ToxicDomains,tranco_rank=662892,
doctorsystems.pro,662976,,1,USOM,tranco_rank=662976,
wikiegregor.top,663137,,1,USOM,tranco_rank=663137,
nivad.io,663362,,1,ThreatFox,tranco_rank=663362,
ccsi.com,663678,,1,USOM,tranco_rank=663678,
14-8000.ru,664067,,1,StopForumSpam_ToxicDomains,tranco_rank=664067,
empatiya.net,664156,,1,DandelionSprout,tranco_rank=664156,
robiox.com.gr,665090,,1,Phishing_Army,tranco_rank=665090,
sexkontakt.com,665755,,1,The_Block_List_Project_Fraud,tranco_rank=665755,
collaboromarketing.com,666166,,1,USOM,tranco_rank=666166,
bitly.net,667959,,1,Phishing_Army,tranco_rank=667959,
twist2katz.com,668227,,1,USOM,tranco_rank=668227,
aerosunelectric.com,668942,,1,USOM,tranco_rank=668942,
okucia24.com,670409,,1,KADhosts,tranco_rank=670409,
tampilkan.com,670936,,1,ThreatFox,tranco_rank=670936,
ga888.mobile,671031,,1,ThreatFox,tranco_rank=671031,
obmenvsemfiles.net,671377,,1,USOM,tranco_rank=671377,
casinosdelux.com,672320,,1,StopForumSpam_ToxicDomains,tranco_rank=672320,
iteducationcentre.com,672961,,1,StopForumSpam_ToxicDomains,tranco_rank=672961,
sekhmet.top,673621,,1,USOM,tranco_rank=673621,
gtly.ink,673773,,1,Phishing_Army,tranco_rank=673773,
senjuinndustriessss.info,674278,,1,USOM,tranco_rank=674278,
goodlifestylenews.com,674284,,1,Miroslav_Stampar,tranco_rank=674284,
roblox.com.et,674384,,1,Phishing_Army,tranco_rank=674384,
installchecker.com,674429,,1,DandelionSprout,tranco_rank=674429,
bistroenglish.com,675093,,1,The_Block_List_Project_Fraud,tranco_rank=675093,
boomessays.com,675268,,1,The_Block_List_Project_Fraud,tranco_rank=675268,
noticiasdenayarit.com,676650,,1,Miroslav_Stampar,tranco_rank=676650,
freshsubz.com,676691,,1,DandelionSprout,tranco_rank=676691,
cahayailmukreatif.web.id,676696,,1,USOM,tranco_rank=676696,
capebretonpost.com,676922,,1,StopForumSpam_ToxicDomains,tranco_rank=676922,
fisiomarket.com,676931,,1,USOM,tranco_rank=676931,
vid-adblocker.com,677002,,1,QuidsUp,tranco_rank=677002,
newsgate.biz,677041,,1,DandelionSprout,tranco_rank=677041,
hfxivbe.cn,678226,,1,USOM,tranco_rank=678226,
chataigpt.pro,678740,,1,USOM,tranco_rank=678740,
mailna.us,679361,,1,StopForumSpam_ToxicDomains,tranco_rank=679361,
mpasvw.com,679684,,1,ThreatFox,tranco_rank=679684,
ozhet.com,680264,,1,USOM,tranco_rank=680264,
iqtest.com,680405,,1,DandelionSprout,tranco_rank=680405,
who-isit.com,681158,,1,StopForumSpam_ToxicDomains,tranco_rank=681158,
depannage-vehicule-maroc.com,681792,,1,Miroslav_Stampar,tranco_rank=681792,
tutorsglobe.com,681940,,1,The_Block_List_Project_Fraud,tranco_rank=681940,
admithelperbusy.com,682085,,1,DandelionSprout,tranco_rank=682085,
bonjourfmail.com,682244,,1,StopForumSpam_ToxicDomains,tranco_rank=682244,
qrcodeveloper.com,682455,,1,Phishing_Army,tranco_rank=682455,
ankaragucluler.com,682628,,1,Miroslav_Stampar,tranco_rank=682628,
spectrumtechconsulting.com,682981,,1,ThreatFox,tranco_rank=682981,
domozmail.com,683053,,1,StopForumSpam_ToxicDomains,tranco_rank=683053,
floralincreasinglysuperserver.com,683931,,1,DandelionSprout,tranco_rank=683931,
franzredheadline.com,685267,,1,DandelionSprout,tranco_rank=685267,
ice-casino-online.com,685558,,1,KADhosts,tranco_rank=685558,
kenmaybepublisher.com,685784,,1,DandelionSprout,tranco_rank=685784,
cfe47df26c8eaf0a7c136b50c703e173.com,686188,,1,USOM,tranco_rank=686188,
kizi10.org,686275,,1,StopForumSpam_ToxicDomains,tranco_rank=686275,
novelkee.com,687887,,1,The_Block_List_Project_Fraud,tranco_rank=687887,
badrit.com,688883,,1,StopForumSpam_ToxicDomains,tranco_rank=688883,
malatyatime.com,688924,,1,The_Block_List_Project_Fraud,tranco_rank=688924,
n9back366.stream,688994,,1,USOM,tranco_rank=688994,
aff-track.net,689094,,1,Hexxium_Creations,tranco_rank=689094,
streetwormail.com,689219,,1,StopForumSpam_ToxicDomains,tranco_rank=689219,
akadem-ghostwriter.de,689330,,1,The_Block_List_Project_Fraud,tranco_rank=689330,
webtimeapi.com,689381,,1,USOM,tranco_rank=689381,
smartcode.com,690104,,1,The_Block_List_Project_Fraud,tranco_rank=690104,
primebit.com,690244,,1,KADhosts,tranco_rank=690244,
osiq.club,690420,,1,Miroslav_Stampar,tranco_rank=690420,
8b21a945159f23b740c836eb50953818.com,690677,,1,USOM,tranco_rank=690677,
gotmail.com,690766,,1,StopForumSpam_ToxicDomains,tranco_rank=690766,
mail-temp.com,692439,,1,StopForumSpam_ToxicDomains,tranco_rank=692439,
nightlifemumbai.club,692620,,1,Miroslav_Stampar,tranco_rank=692620,
ronaldofmail.com,692634,,1,StopForumSpam_ToxicDomains,tranco_rank=692634,
strawberriesandmangos.com,694239,,1,USOM,tranco_rank=694239,
31d58c226fc5a0aa976e13ca9ecebcc8.com,694324,,1,USOM,tranco_rank=694324,
qitabichel.xyz,694451,,1,Miroslav_Stampar,tranco_rank=694451,
airlogs.net,695784,,1,USOM,tranco_rank=695784,
yixun.com,695786,,1,USOM,tranco_rank=695786,
mybiddd.com,695986,,1,DandelionSprout,tranco_rank=695986,
ddsongyy.com,696559,,1,StopForumSpam_ToxicDomains,tranco_rank=696559,
chemistwarehouse.com,697533,,1,DandelionSprout,tranco_rank=697533,
myurls.bio,698407,,1,Phishing_Army,tranco_rank=698407,
everythingpolarisrzr.com,698459,,1,The_Block_List_Project_Fraud,tranco_rank=698459,
parent-control.cc,698500,,1,ThreatFox,tranco_rank=698500,
indemnity360.com,698790,,1,Miroslav_Stampar,tranco_rank=698790,
mindslaver.com,699086,,1,Miroslav_Stampar,tranco_rank=699086,
host-file-host6.com,699381,,1,Miroslav_Stampar,tranco_rank=699381,
imgfarm.com,699854,,1,QuidsUp,tranco_rank=699854,
jqscr.com,700132,,1,Miroslav_Stampar,tranco_rank=700132,
justwheelsdirect.com,700204,,1,StopForumSpam_ToxicDomains,tranco_rank=700204,
mrqz.click,700214,,1,USOM,tranco_rank=700214,
smartpanel.top,700521,,1,Miroslav_Stampar,tranco_rank=700521,
backlinkwatch.com,700552,,1,Mitchell_Krog,tranco_rank=700552,
sett.com,700712,,1,The_Block_List_Project_Fraud,tranco_rank=700712,
yrnvtklot.com,701249,,1,USOM,tranco_rank=701249,
imedu.org,701296,,1,Miroslav_Stampar,tranco_rank=701296,
nyobase.com,701680,,1,StopForumSpam_ToxicDomains,tranco_rank=701680,
oreylo.com,703002,,1,KADhosts,tranco_rank=703002,
up.edu.ps,703853,,1,The_Block_List_Project_Fraud,tranco_rank=703853,
loreal-paris-me.com,704377,,1,DandelionSprout,tranco_rank=704377,
indianpornvideos.cc,705044,,1,Hexxium_Creations,tranco_rank=705044,
temp-inbox.me,705268,,1,StopForumSpam_ToxicDomains,tranco_rank=705268,
newtop.one,705580,,1,Miroslav_Stampar,tranco_rank=705580,
outloo.com,706095,,1,StopForumSpam_ToxicDomains,tranco_rank=706095,
modaaura.store,706160,,1,ThreatFox,tranco_rank=706160,
x-vpn.ug,706879,,2,Miroslav_Stampar;USOM,tranco_rank=706879,
inx.lv,708153,,2,Hexxium_Creations;Phishing_Army,tranco_rank=708153,
zephyrhype.com,708202,,1,USOM,tranco_rank=708202,
generousenjoyed.com,709771,,1,DandelionSprout,tranco_rank=709771,
ubetoo.com,710005,,1,StopForumSpam_ToxicDomains,tranco_rank=710005,
spnccrzone.com,710129,,3,DandelionSprout;Hexxium_Creations;KADhosts,tranco_rank=710129,
digyamonica.xyz,711570,,1,Miroslav_Stampar,tranco_rank=711570,
andrebadi.top,711679,,2,Miroslav_Stampar;USOM,tranco_rank=711679,
artificialupdates.com,712116,,1,USOM,tranco_rank=712116,
dodsman.com,712175,,2,Miroslav_Stampar;USOM,tranco_rank=712175,
ramblermails.com,712308,,1,StopForumSpam_ToxicDomains,tranco_rank=712308,
wexe.ink,712388,,1,Miroslav_Stampar,tranco_rank=712388,
ouressays.com,713519,,1,StopForumSpam_ToxicDomains,tranco_rank=713519,
webbfenix.com,713645,,1,DandelionSprout,tranco_rank=713645,
casinocanberra.com.au,713672,,1,StopForumSpam_ToxicDomains,tranco_rank=713672,
roblox.com.py,715352,,2,CERT_Polska;Phishing_Army,tranco_rank=715352,
00-tv.com,716011,,1,StopForumSpam_ToxicDomains,tranco_rank=716011,
nikio.io,716080,,1,ThreatFox,tranco_rank=716080,
vpn-topusa.info,716108,,1,Miroslav_Stampar,tranco_rank=716108,
digiskillzz.com,716240,,1,ThreatFox,tranco_rank=716240,
lazarovs.ga,717252,,1,Miroslav_Stampar,tranco_rank=717252,
az-partners.net,717951,,1,DandelionSprout,tranco_rank=717951,
click2sell.eu,717999,,1,The_Block_List_Project_Fraud,tranco_rank=717999,
gachoic1com.com,718679,,1,StopForumSpam_ToxicDomains,tranco_rank=718679,
baxe.pics,719005,,1,ThreatFox,tranco_rank=719005,
safedatabox.net,719375,,1,USOM,tranco_rank=719375,
boeinq.co,719779,,1,Miroslav_Stampar,tranco_rank=719779,
bitcoinprime.info,719885,,1,KADhosts,tranco_rank=719885,
vargosmail.com,720182,,1,StopForumSpam_ToxicDomains,tranco_rank=720182,
isoroms.com,720632,,1,DandelionSprout,tranco_rank=720632,
official-jaxxwallet.com,720700,,1,ThreatFox,tranco_rank=720700,
documtransfer.net,721184,,1,USOM,tranco_rank=721184,
hut1.ru,721622,,1,Mitchell_Krog,tranco_rank=721622,
liftcollective.org,721888,,1,ThreatFox,tranco_rank=721888,
studlance.ru,722407,,1,The_Block_List_Project_Fraud,tranco_rank=722407,
myassignmenthelp.net,723008,,1,The_Block_List_Project_Fraud,tranco_rank=723008,
notebooks.ru,723674,,1,StopForumSpam_ToxicDomains,tranco_rank=723674,
nopanel-363563.top,724323,,1,USOM,tranco_rank=724323,
instantassignmenthelp.com,724880,,1,The_Block_List_Project_Fraud,tranco_rank=724880,
profi-like.ru,725011,,1,The_Block_List_Project_Fraud,tranco_rank=725011,
vegasautogallery.com,725169,,1,StopForumSpam_ToxicDomains,tranco_rank=725169,
feelystroll.buzz,725192,,1,USOM,tranco_rank=725192,
wearychallengeraise.com,725234,,1,USOM,tranco_rank=725234,
oddwayinternational.com,725344,,1,StopForumSpam_ToxicDomains,tranco_rank=725344,
couriercare.in,726783,,1,Miroslav_Stampar,tranco_rank=726783,
cypressbayou.casino,727298,,1,StopForumSpam_ToxicDomains,tranco_rank=727298,
allsydevs.com,727719,,1,Phishing_Army,tranco_rank=727719,
nimbleappgenie.com,728317,,1,StopForumSpam_ToxicDomains,tranco_rank=728317,
ebeninstallsvc.com,728341,,1,USOM,tranco_rank=728341,
efvsx.ga,728844,,1,Miroslav_Stampar,tranco_rank=728844,
stopforumspamcom.ru,729294,,1,StopForumSpam_ToxicDomains,tranco_rank=729294,
cilomum.com,730613,,1,USOM,tranco_rank=730613,
gucunug.com,730660,,1,USOM,tranco_rank=730660,
hidusi.com,730665,,1,USOM,tranco_rank=730665,
hireja.com,730667,,1,USOM,tranco_rank=730667,
modasum.com,730707,,1,USOM,tranco_rank=730707,
sazoya.com,730752,,1,USOM,tranco_rank=730752,
sujaxa.com,730770,,1,USOM,tranco_rank=730770,
vojefe.com,730796,,1,USOM,tranco_rank=730796,
wuluxo.com,730802,,1,USOM,tranco_rank=730802,
correspondimpulsive.com,731125,,1,DandelionSprout,tranco_rank=731125,
botboys.xyz,731489,,1,Miroslav_Stampar,tranco_rank=731489,
agricularly.com,731694,,1,ThreatFox,tranco_rank=731694,
holy-push.com,732260,,1,DandelionSprout,tranco_rank=732260,
esforum.us,732737,,1,StopForumSpam_ToxicDomains,tranco_rank=732737,
vipechecker.art,732771,,1,USOM,tranco_rank=732771,
fornoconti.co,733193,,1,ThreatFox,tranco_rank=733193,
confrancisyalgomas.com,733526,,1,DandelionSprout,tranco_rank=733526,
gg146.bet,734049,,1,KADhosts,tranco_rank=734049,
prestacionesdeseguridadsocial.com,734199,,2,CERT_Polska;Phishing_Army,tranco_rank=734199,
dissertationwritingtops.com,734918,,1,StopForumSpam_ToxicDomains,tranco_rank=734918,
yourcolor.net,735165,,1,StopForumSpam_ToxicDomains,tranco_rank=735165,
drinkprize.cloud,735470,,1,KADhosts,tranco_rank=735470,
xn--krken25-bn4c.com,735568,,1,StopForumSpam_ToxicDomains,tranco_rank=735568,
writersperhour.com,735738,,1,The_Block_List_Project_Fraud,tranco_rank=735738,
imcourageous.com,737265,,1,StopForumSpam_ToxicDomains,tranco_rank=737265,
step2love.com,739333,,1,The_Block_List_Project_Fraud,tranco_rank=739333,
perfsimpl.com,740688,,1,DandelionSprout,tranco_rank=740688,
myrepis.gd,741818,,1,ThreatFox,tranco_rank=741818,
security-apple-manage.com,743430,,1,Miroslav_Stampar,tranco_rank=743430,
brenz.pl,743558,,1,USOM,tranco_rank=743558,
pphundt.icu,743811,,1,ThreatFox,tranco_rank=743811,
tri-comma.com,743824,,1,USOM,tranco_rank=743824,
eseomail.com,744169,,1,StopForumSpam_ToxicDomains,tranco_rank=744169,
acrebackcharacter.com,744183,,1,DandelionSprout,tranco_rank=744183,
motorcyclesincyprus.com,744411,,1,USOM,tranco_rank=744411,
roberthood.net,745359,,1,Phishing_Army,tranco_rank=745359,
windowstechies.com,745883,,1,The_Block_List_Project_Fraud,tranco_rank=745883,
embassysuites.com,746349,,1,StopForumSpam_ToxicDomains,tranco_rank=746349,
bisesecrecy.com,746574,,1,Phishing_Army,tranco_rank=746574,
789fff.onl,750064,,1,ThreatFox,tranco_rank=750064,
888top7.com,750549,,1,ThreatFox,tranco_rank=750549,
amazingappclub.com,754052,,1,Phishing_Army,tranco_rank=754052,
anatakip.com,754408,,1,USOM,tranco_rank=754408,
arlento.pl,755681,,1,KADhosts,tranco_rank=755681,
bcwcodes.com,758338,,1,DandelionSprout,tranco_rank=758338,
begenivar.com,758606,,1,USOM,tranco_rank=758606,
bigtakip.com,759798,,1,USOM,tranco_rank=759798,
bigtakip.net,759799,,1,USOM,tranco_rank=759799,
biokom.hu,760055,,1,USOM,tranco_rank=760055,
bombardina.pl,760931,,1,KADhosts,tranco_rank=760931,
c807xpress.com,762508,,1,Phishing_Army,tranco_rank=762508,
cafecoquin.com,762624,,1,StopForumSpam_ToxicDomains,tranco_rank=762624,
canlitakipci.com,762960,,1,USOM,tranco_rank=762960,
datingwomanagency.com,768933,,1,The_Block_List_Project_Fraud,tranco_rank=768933,
dgmayyil.com,769879,,1,Phishing_Army,tranco_rank=769879,
erotickekontakty.com,774439,,1,The_Block_List_Project_Fraud,tranco_rank=774439,
flirtwedwoje.com,777308,,1,KADhosts,tranco_rank=777308,
foodcia.com,777605,,1,StopForumSpam_ToxicDomains,tranco_rank=777605,
football.zp.ua,777634,,1,USOM,tranco_rank=777634,
globalpaymentprovider.com,780597,,1,The_Block_List_Project_Fraud,tranco_rank=780597,
gollys.de,781079,,1,The_Block_List_Project_Fraud,tranco_rank=781079,
goodssbuy.com,781177,,1,GlobalAntiScamOrg,tranco_rank=781177,
hepsitakipci.com,783441,,1,USOM,tranco_rank=783441,
igra123.com,785787,,1,Abuse.ch,tranco_rank=785787,
jambobet.co.ke,788177,,1,StopForumSpam_ToxicDomains,tranco_rank=788177,
jindeal.com,788876,,1,The_Block_List_Project_Fraud,tranco_rank=788876,
jinsystem.online,788886,,1,USOM,tranco_rank=788886,
jugabet.com,789693,,1,StopForumSpam_ToxicDomains,tranco_rank=789693,
kinodom.pl,791748,,1,KADhosts,tranco_rank=791748,
ludi.com,796444,,1,StopForumSpam_ToxicDomains,tranco_rank=796444,
luminarte24.pl,796516,,1,KADhosts,tranco_rank=796516,
medyahizmeti.com,799184,,1,USOM,tranco_rank=799184,
mixtakip.com,800798,,1,USOM,tranco_rank=800798,
modivio.pl,801251,,1,KADhosts,tranco_rank=801251,
mommybag.pl,801410,,1,KADhosts,tranco_rank=801410,
money87.com,801491,,1,DandelionSprout,tranco_rank=801491,
mwironworks.com,802888,,1,Phishing_Army,tranco_rank=802888,
mystep2love.com,803594,,1,The_Block_List_Project_Fraud,tranco_rank=803594,
narco24.biz,804139,,1,The_Block_List_Project_Fraud,tranco_rank=804139,
olaroka.fashion,807087,,1,KADhosts,tranco_rank=807087,
pagelocked.org,808865,,1,DandelionSprout,tranco_rank=808865,
patokbet.com,809677,,1,StopForumSpam_ToxicDomains,tranco_rank=809677,
pellet4future.com,810146,,3,CERT_Polska;KADhosts;Phishing_Army,tranco_rank=810146,
pharmahealth.com.pk,810797,,1,The_Block_List_Project_Fraud,tranco_rank=810797,
pikantneprzygody.com,811112,,1,KADhosts,tranco_rank=811112,
ponudim.com,812329,,1,The_Block_List_Project_Fraud,tranco_rank=812329,
poznajmysie.pl,812794,,1,KADhosts,tranco_rank=812794,
priyo.email,813272,,1,StopForumSpam_ToxicDomains,tranco_rank=813272,
przytulny.com,813734,,1,KADhosts,tranco_rank=813734,
robloxmodsapk.com,817143,,1,Phishing_Army,tranco_rank=817143,
roundcube.pl,817455,,1,KADhosts,tranco_rank=817455,
sagradafamilia-tickets.org,818481,,2,CERT_Polska;Phishing_Army,tranco_rank=818481,
sbcofmp.org.in,819467,,1,Phishing_Army,tranco_rank=819467,
sekskontakt-hr.com,820120,,1,The_Block_List_Project_Fraud,tranco_rank=820120,
sekskontakt-rs.com,820121,,1,The_Block_List_Project_Fraud,tranco_rank=820121,
sexnewxxx.com,820702,,1,ThreatFox,tranco_rank=820702,
sexprzyjaciolka.com,820724,,1,KADhosts,tranco_rank=820724,
spotifyapk.net,824212,,1,The_Block_List_Project_Fraud,tranco_rank=824212,
sterlingoptics.com,824808,,1,The_Block_List_Project_Fraud,tranco_rank=824808,
storamore.pl,824943,,1,KADhosts,tranco_rank=824943,
superzebra.pl,825746,,1,KADhosts,tranco_rank=825746,
takipciking.net,826700,,1,USOM,tranco_rank=826700,
takipcivar.net,826702,,1,USOM,tranco_rank=826702,
takipcizen.com,826703,,1,USOM,tranco_rank=826703,
takipstar.com,826705,,1,USOM,tranco_rank=826705,
takipzan.com,826707,,1,USOM,tranco_rank=826707,
threatdefender.info,828769,,1,Phishing_Army,tranco_rank=828769,
timum.shop,829103,,1,KADhosts,tranco_rank=829103,
ton-mag.pl,829628,,2,CERT_Polska;Phishing_Army,tranco_rank=829628,
tookatalaei.com,829659,,1,Phishing_Army,tranco_rank=829659,
valetta.pl,833449,,1,KADhosts,tranco_rank=833449,
vlivetricks.com,834956,,1,Hexxium_Creations,tranco_rank=834956,
vsbet94.com,835271,,1,ThreatFox,tranco_rank=835271,
vzadache.ru,835448,,1,The_Block_List_Project_Fraud,tranco_rank=835448,
webairy.com,835959,,1,StopForumSpam_ToxicDomains,tranco_rank=835959,
z-promo.com,839270,,1,KADhosts,tranco_rank=839270,
mticket-se.com,841002,,3,CERT_Polska;KADhosts;Phishing_Army,tranco_rank=841002,
calculator.city,841557,,1,StopForumSpam_ToxicDomains,tranco_rank=841557,
yessenov.com,841883,,1,USOM,tranco_rank=841883,
55gamei.com,842032,,1,ThreatFox,tranco_rank=842032,
zona.best,842419,,1,StopForumSpam_ToxicDomains,tranco_rank=842419,
assurancesaxa.fr,842576,,1,Redflag,tranco_rank=842576,
ytmodsupport.com,843892,,1,Miroslav_Stampar,tranco_rank=843892,
a3artistsagency.com,844650,,1,ThreatFox,tranco_rank=844650,
andremoscoso.com.br,844819,,1,ThreatFox,tranco_rank=844819,
americantourister.com.au,845556,,1,The_Block_List_Project_Fraud,tranco_rank=845556,
skartproduction.com,845740,,1,Miroslav_Stampar,tranco_rank=845740,
mozej.com,845793,,1,StopForumSpam_ToxicDomains,tranco_rank=845793,
konsultaciya-yurista42.ru,845858,,1,StopForumSpam_ToxicDomains,tranco_rank=845858,
icon.community,846924,,1,MetaMask,tranco_rank=846924,
troopsocial.com,847041,,1,The_Block_List_Project_Fraud,tranco_rank=847041,
homeworkcourseworkhelps.com,847442,,1,StopForumSpam_ToxicDomains,tranco_rank=847442,
anbiz.com,848085,,1,Phishing_Army,tranco_rank=848085,
betiforex.com,848247,,1,StopForumSpam_ToxicDomains,tranco_rank=848247,
assignmenthelp.net,848674,,1,The_Block_List_Project_Fraud,tranco_rank=848674,
grandcasinobaden.ch,848715,,1,StopForumSpam_ToxicDomains,tranco_rank=848715,
6f33933ce4a5c0e1b32fea736a61351a.com,849143,,1,USOM,tranco_rank=849143,
frostapiv2.com,849289,,1,ThreatFox,tranco_rank=849289,
adroitdeceitcongestion.com,849326,,1,DandelionSprout,tranco_rank=849326,
nowiny24h.com,849345,,1,KADhosts,tranco_rank=849345,
ensaladadecol.com,849698,,1,ThreatFox,tranco_rank=849698,
wexmri.cc,849891,,1,USOM,tranco_rank=849891,
aceimaging.in,850364,,1,ThreatFox,tranco_rank=850364,
nicheforge.com,851234,,1,Phishing_Army,tranco_rank=851234,
lxvdizayn.com,852664,,2,CERT_Polska;Phishing_Army,tranco_rank=852664,
vcc-library.uk,853500,,1,ThreatFox,tranco_rank=853500,
globalsnn2-new.cc,853838,,2,ThreatFox;USOM,tranco_rank=853838,
theblogfrog.com,853863,,1,The_Block_List_Project_Fraud,tranco_rank=853863,
millionz-jeu.fr,854390,,1,Redflag,tranco_rank=854390,
spyuganda.com,854810,,1,ThreatFox,tranco_rank=854810,
uorak.com,858382,,1,StopForumSpam_ToxicDomains,tranco_rank=858382,
brgdtracking.com,858889,,1,DandelionSprout,tranco_rank=858889,
fortinet-vpn.com,860214,,1,USOM,tranco_rank=860214,
zeusbtc.com,860491,,1,The_Block_List_Project_Fraud,tranco_rank=860491,
161bet.com.br,860922,,1,ThreatFox,tranco_rank=860922,
73bet.app,861225,,1,ThreatFox,tranco_rank=861225,
freshshoes.pl,866830,,1,KADhosts,tranco_rank=866830,
kajt24.pl,869293,,1,KADhosts,tranco_rank=869293,
locked1.com,870431,,2,DandelionSprout;Hexxium_Creations,tranco_rank=870431,
luckbuying.com,870568,,1,KADhosts,tranco_rank=870568,
modaperla.com,871556,,3,CERT_Polska;KADhosts;Phishing_Army,tranco_rank=871556,
moviedvdrental.com,871725,,1,The_Block_List_Project_Fraud,tranco_rank=871725,
myhank.pl,871957,,1,KADhosts,tranco_rank=871957,
s666vn.asia,875087,,1,ThreatFox,tranco_rank=875087,
safosistemi.it,875122,,1,The_Block_List_Project_Fraud,tranco_rank=875122,
thelingerieshopny.com,877306,,1,The_Block_List_Project_Fraud,tranco_rank=877306,
tv88-vip.com,877919,,1,ThreatFox,tranco_rank=877919,
zensa.site,879476,,1,DandelionSprout,tranco_rank=879476,
polosmail.com,880325,,1,StopForumSpam_ToxicDomains,tranco_rank=880325,
totalwebshield.com,880711,,1,DandelionSprout,tranco_rank=880711,
plarimoplus.com,880775,,1,DandelionSprout,tranco_rank=880775,
perso.ch,880935,,1,USOM,tranco_rank=880935,
gemail.com,881120,,1,StopForumSpam_ToxicDomains,tranco_rank=881120,
parkstoresale.shop,881351,,2,CERT_Polska;Phishing_Army,tranco_rank=881351,
fromdoctopdf.com,881809,,1,Hexxium_Creations,tranco_rank=881809,
afflat3b2.com,881909,,1,DandelionSprout,tranco_rank=881909,
wintrillions.com,882129,,1,The_Block_List_Project_Fraud,tranco_rank=882129,
xnxxlive.net,882254,,1,StopForumSpam_ToxicDomains,tranco_rank=882254,
inversionesevza.com,882801,,1,USOM,tranco_rank=882801,
repulsiveguarantee.com,882958,,1,DandelionSprout,tranco_rank=882958,
essaypromaster.com,883508,,1,StopForumSpam_ToxicDomains,tranco_rank=883508,
exploringthenorth.com,883641,,1,ThreatFox,tranco_rank=883641,
exppxxclck.com,883866,,1,DandelionSprout,tranco_rank=883866,
buyyoutubviews.com,885269,,1,StopForumSpam_ToxicDomains,tranco_rank=885269,
dddgata789.com,885439,,1,USOM,tranco_rank=885439,
link.ac,885531,,1,Phishing_Army,tranco_rank=885531,
mypaperwriter.com,885799,,1,The_Block_List_Project_Fraud,tranco_rank=885799,
immortal-service.cc,887222,,1,ThreatFox,tranco_rank=887222,
whiteniledns.net,887996,,2,CERT_Polska;Phishing_Army,tranco_rank=887996,
pipipub.com,888177,,1,USOM,tranco_rank=888177,
78win-2.today,888209,,1,ThreatFox,tranco_rank=888209,
rophim10.co,888484,,1,ThreatFox,tranco_rank=888484,
rophim10.com.mx,888485,,1,ThreatFox,tranco_rank=888485,
areekaweb.com,888845,,1,USOM,tranco_rank=888845,
securecloud-smart.com,889272,,1,KADhosts,tranco_rank=889272,
suruitv.com,889433,,1,StopForumSpam_ToxicDomains,tranco_rank=889433,
usd8811.com,890616,,1,ThreatFox,tranco_rank=890616,
xoilacsosa.live,891603,,1,ThreatFox,tranco_rank=891603,
globalsnn3-new.cc,891983,,2,ThreatFox;USOM,tranco_rank=891983,
mliok.com,892200,,1,StopForumSpam_ToxicDomains,tranco_rank=892200,
make4.xyz,892484,,1,Miroslav_Stampar,tranco_rank=892484,
crowdstrikereport.com,892643,,1,USOM,tranco_rank=892643,
mcdir.me,893383,,1,USOM,tranco_rank=893383,
polystore9-servicebucket.cc,893802,,2,ThreatFox;USOM,tranco_rank=893802,
agaoutofoffice.com,895100,,1,ThreatFox,tranco_rank=895100,
amerikafoto.nl,895449,,1,ThreatFox,tranco_rank=895449,
antenistabarcelona.com,895583,,1,ThreatFox,tranco_rank=895583,
aziza.info,896006,,1,ThreatFox,tranco_rank=896006,
banana-kr.com,896170,,1,ThreatFox,tranco_rank=896170,
bay-explorer.com,896298,,1,ThreatFox,tranco_rank=896298,
bj88-10.com,896879,,1,ThreatFox,tranco_rank=896879,
bj88-11.com,896880,,1,ThreatFox,tranco_rank=896880,
bj88-games.us,896881,,1,ThreatFox,tranco_rank=896881,
bj88games.center,896882,,1,ThreatFox,tranco_rank=896882,
bj88games.how,896884,,1,ThreatFox,tranco_rank=896884,
bosphorusdisticaret.com,897100,,1,ThreatFox,tranco_rank=897100,
burgerfactory.pl,897306,,1,Phishing_Army,tranco_rank=897306,
c168-c168a.com,897362,,1,ThreatFox,tranco_rank=897362,
c168ll.com,897364,,1,ThreatFox,tranco_rank=897364,
clsbellevaux.com,897958,,1,ThreatFox,tranco_rank=897958,
condaoseatravel.com,898077,,1,ThreatFox,tranco_rank=898077,
cpa-tc.com,898154,,1,DandelionSprout,tranco_rank=898154,
danimalscups.com,898415,,1,ThreatFox,tranco_rank=898415,
dengedenetleme.org,898539,,1,ThreatFox,tranco_rank=898539,
dfvsxs.com,898666,,2,CERT_Polska;Phishing_Army,tranco_rank=898666,
difnesh.com,898699,,1,Phishing_Army,tranco_rank=898699,
eastthurrockunited.co.uk,899233,,1,ThreatFox,tranco_rank=899233,
elicaeditions.com,899415,,1,ThreatFox,tranco_rank=899415,
hxwatertreatment.com,901747,,1,ThreatFox,tranco_rank=901747,
imprisso-eg.com,901993,,1,ThreatFox,tranco_rank=901993,
improvior.com,901994,,2,CERT_Polska;Phishing_Army,tranco_rank=901994,
lalithaconstructions.co.in,903657,,1,ThreatFox,tranco_rank=903657,
marraheltin.com,904595,,1,USOM,tranco_rank=904595,
myaccount-ablenow.com,905531,,1,The_Block_List_Project_Fraud,tranco_rank=905531,
nrlo.net,906010,,1,ThreatFox,tranco_rank=906010,
proonepersan.com,907679,,1,ThreatFox,tranco_rank=907679,
roblox.re,908464,,1,Redflag,tranco_rank=908464,
rophimm.me,908548,,1,ThreatFox,tranco_rank=908548,
rophims.net,908549,,1,ThreatFox,tranco_rank=908549,
sc8888.beauty,909072,,1,ThreatFox,tranco_rank=909072,
sgavenx.com,909320,,3,CERT_Polska;KADhosts;Phishing_Army,tranco_rank=909320,
stilocristal.com,910106,,3,CERT_Polska;KADhosts;Phishing_Army,tranco_rank=910106,
trungtammmo.vn,911269,,1,ThreatFox,tranco_rank=911269,
u8886.shop,911465,,1,ThreatFox,tranco_rank=911465,
xoilac86kb.tv,912747,,1,ThreatFox,tranco_rank=912747,
xoilac86xb.tv,912754,,1,ThreatFox,tranco_rank=912754,
xoilacxyh.tv,912761,,1,ThreatFox,tranco_rank=912761,
zavikabutik.com,913158,,3,CERT_Polska;KADhosts;Phishing_Army,tranco_rank=913158,
pepepupuchek13.com,913347,,1,USOM,tranco_rank=913347,
preciousmetals.com,913859,,1,The_Block_List_Project_Fraud,tranco_rank=913859,
newiro.com,914005,,1,USOM,tranco_rank=914005,
thebestprizes.life,914035,,1,DandelionSprout,tranco_rank=914035,
cloakworkroom.com,914061,,1,DandelionSprout,tranco_rank=914061,
prontobet.com,914494,,1,StopForumSpam_ToxicDomains,tranco_rank=914494,
aghayeseo.com,915251,,1,StopForumSpam_ToxicDomains,tranco_rank=915251,
biyac.com,915297,,1,StopForumSpam_ToxicDomains,tranco_rank=915297,
securenetapp-site.com,916403,,1,ThreatFox,tranco_rank=916403,
sempersim.su,917066,,2,Miroslav_Stampar;USOM,tranco_rank=917066,
axa-fr.fr,917120,,1,Redflag,tranco_rank=917120,
99papers.com,917187,,1,The_Block_List_Project_Fraud,tranco_rank=917187,
wntdnnui.com,917495,,1,ThreatFox,tranco_rank=917495,
mymovies.fi,918248,,1,Phishing_Army,tranco_rank=918248,
trendmoversdubai.com,919092,,1,Miroslav_Stampar,tranco_rank=919092,
getiton.com,919804,,1,FadeMind,tranco_rank=919804,
trojangogogo.site,920485,,1,StopForumSpam_ToxicDomains,tranco_rank=920485,
celeb-hot-treands.com,920637,,1,DandelionSprout,tranco_rank=920637,
asdasdwqrweerwfa.top,921855,,1,Miroslav_Stampar,tranco_rank=921855,
moeodincovo.com,921959,,1,USOM,tranco_rank=921959,
khhnprlvipumrrpaiila.com,921970,,1,Miroslav_Stampar,tranco_rank=921970,
carprlce.ru,922672,,1,USOM,tranco_rank=922672,
airconditionersontop.com,922820,,1,USOM,tranco_rank=922820,
flipplayer.com,922915,,1,KADhosts,tranco_rank=922915,
rophims.vip,923805,,1,ThreatFox,tranco_rank=923805,
marchfh.com,924063,,1,StopForumSpam_ToxicDomains,tranco_rank=924063,
axa-clients.fr,924176,,1,Redflag,tranco_rank=924176,
kbfvzoboss.bid,924986,,1,USOM,tranco_rank=924986,
tdsworkout.com,925075,,1,USOM,tranco_rank=925075,
xiyuenet.com,925318,,1,ThreatFox,tranco_rank=925318,
forex4you.org,925447,,1,The_Block_List_Project_Fraud,tranco_rank=925447,
uabrides.com,925968,,1,The_Block_List_Project_Fraud,tranco_rank=925968,
zvdfsddefdfd.cn,926338,,1,ThreatFox,tranco_rank=926338,
playjonny-bonus.fr,926342,,1,Redflag,tranco_rank=926342,
bappaads.com,926865,,1,DandelionSprout,tranco_rank=926865,
klubtrenerowbiznesu.pl,927537,,1,ThreatFox,tranco_rank=927537,
phasdesign.com,928166,,1,Miroslav_Stampar,tranco_rank=928166,
handyarchive.com,928296,,1,FadeMind,tranco_rank=928296,
initiativeemulate.com,929449,,1,DandelionSprout,tranco_rank=929449,
mimowork.com,929558,,1,StopForumSpam_ToxicDomains,tranco_rank=929558,
silverhost.vg,929810,,2,Abuse.ch;ThreatFox,tranco_rank=929810,
casinosns.com,930885,,1,StopForumSpam_ToxicDomains,tranco_rank=930885,
onne.link,931287,,1,Phishing_Army,tranco_rank=931287,
file-enter-web.com,931441,,1,USOM,tranco_rank=931441,
doxbin.net,931761,,1,USOM,tranco_rank=931761,
plus-lema.com,932009,,1,Miroslav_Stampar,tranco_rank=932009,
afflat3a2.com,932044,,1,DandelionSprout,tranco_rank=932044,
bestteenpornstar.com,932559,,1,StopForumSpam_ToxicDomains,tranco_rank=932559,
dianabol.xyz,933689,,1,StopForumSpam_ToxicDomains,tranco_rank=933689,
clovisitconsultants.com,933857,,1,ThreatFox,tranco_rank=933857,
anyproductmanual.com,934202,,1,USOM,tranco_rank=934202,
clocksyn.com,934436,,1,USOM,tranco_rank=934436,
signin-kraken.com,934757,,1,USOM,tranco_rank=934757,
datingtopgirls.com,935302,,1,Hexxium_Creations,tranco_rank=935302,
complementnickel.com,935568,,1,DandelionSprout,tranco_rank=935568,
beema.co.in,935614,,1,Phishing_Army,tranco_rank=935614,
trlink.me,936531,,1,Miroslav_Stampar,tranco_rank=936531,
imgrem.com,936717,,1,Hexxium_Creations,tranco_rank=936717,
nostringsfun.com,936956,,1,The_Block_List_Project_Fraud,tranco_rank=936956,
x41.me,937087,,1,QuidsUp,tranco_rank=937087,
classwatch.pro,937592,,1,The_Block_List_Project_Fraud,tranco_rank=937592,
streamingleaksnow.com,937618,,1,USOM,tranco_rank=937618,
vidox.net,940443,,1,DandelionSprout,tranco_rank=940443,
elcronistadiario.com,940647,,1,ThreatFox,tranco_rank=940647,
supportstudent.link,940809,,1,Miroslav_Stampar,tranco_rank=940809,
hangarlastik.com,941784,,1,Miroslav_Stampar,tranco_rank=941784,
nitrogensports.eu,942877,,1,Hexxium_Creations,tranco_rank=942877,
scissorsexplainedale.com,943156,,1,DandelionSprout,tranco_rank=943156,
popmyads.com,943340,,1,The_Block_List_Project_Fraud,tranco_rank=943340,
888vnd.club,944229,,1,ThreatFox,tranco_rank=944229,
sofotex.com,944352,,1,The_Block_List_Project_Fraud,tranco_rank=944352,
00go.com,944733,,1,Mitchell_Krog,tranco_rank=944733,
gribidi1.com,944966,,1,USOM,tranco_rank=944966,
apsolution.work,946206,,1,Miroslav_Stampar,tranco_rank=946206,
oski.one,946215,,1,Miroslav_Stampar,tranco_rank=946215,
call2.xyz,946339,,1,Miroslav_Stampar,tranco_rank=946339,
homebanking-belgie.xyz,946741,,1,Miroslav_Stampar,tranco_rank=946741,
hashflare.io,946756,,1,The_Block_List_Project_Fraud,tranco_rank=946756,
amafreestop.biz,947470,,1,Miroslav_Stampar,tranco_rank=947470,
rseriali.net,947608,,1,USOM,tranco_rank=947608,
automotoclassicsale.com,947806,,1,ThreatFox,tranco_rank=947806,
edgecloudc.com,947957,,1,USOM,tranco_rank=947957,
bystrovozvodimye-zdanija.ru,948261,,1,StopForumSpam_ToxicDomains,tranco_rank=948261,
sofsuite.com,948532,,1,Miroslav_Stampar,tranco_rank=948532,
kodx.uk,948669,,1,StopForumSpam_ToxicDomains,tranco_rank=948669,
jixtarelar.xyz,948884,,1,Miroslav_Stampar,tranco_rank=948884,
go.ly,948956,,1,Phishing_Army,tranco_rank=948956,
l2tc.com,949415,,1,Phishing_Army,tranco_rank=949415,
avto-dublikat.ru,949599,,1,StopForumSpam_ToxicDomains,tranco_rank=949599,
axaespaceclient.fr,950702,,1,Redflag,tranco_rank=950702,
masteringdiabetes.org,951051,,1,KADhosts,tranco_rank=951051,
hoguyum.com,951572,,1,USOM,tranco_rank=951572,
rinutov.com,951573,,1,USOM,tranco_rank=951573,
flokii.us,952810,,2,Miroslav_Stampar;USOM,tranco_rank=952810,
compusur.pe,953010,,1,Phishing_Army,tranco_rank=953010,
1secmail.com,953057,,1,StopForumSpam_ToxicDomains,tranco_rank=953057,
diplomkrasnodar.ru,953525,,1,The_Block_List_Project_Fraud,tranco_rank=953525,
small-inches.com,953809,,1,USOM,tranco_rank=953809,
kolmic.com,954353,,1,DandelionSprout,tranco_rank=954353,
exchtestcheckingapihealth.com,954545,,1,USOM,tranco_rank=954545,
out2.xyz,954589,,1,Miroslav_Stampar,tranco_rank=954589,
gitcloudcache.com,955073,,1,USOM,tranco_rank=955073,
ubuntu.org,955365,,1,DandelionSprout,tranco_rank=955365,
giantessa.net,955392,,1,StopForumSpam_ToxicDomains,tranco_rank=955392,
cloudaskquestionanswers.com,955436,,1,USOM,tranco_rank=955436,
boeing-careers.com,956008,,1,USOM,tranco_rank=956008,
video-adblock.com,956191,,1,QuidsUp,tranco_rank=956191,
createformquestionshelper.com,956303,,1,USOM,tranco_rank=956303,
grand-isle.com,956354,,1,ThreatFox,tranco_rank=956354,
air.com,956454,,1,StopForumSpam_ToxicDomains,tranco_rank=956454,
limitedavailability-show.com,956998,,1,USOM,tranco_rank=956998,
rheinmetallcareer.com,957051,,1,USOM,tranco_rank=957051,
ms-health-monitor.com,957168,,1,Miroslav_Stampar,tranco_rank=957168,
searchtabnew.com,957207,,1,QuidsUp,tranco_rank=957207,
palaugov.pw,957562,,1,USOM,tranco_rank=957562,
ttzcloud.com,957822,,1,USOM,tranco_rank=957822,
geoinfocdn.com,958139,,1,USOM,tranco_rank=958139,
obkom.net.ua,958779,,1,USOM,tranco_rank=958779,
livingscontinuations.com,958940,,1,USOM,tranco_rank=958940,
takoons.com,959038,,2,Miroslav_Stampar;USOM,tranco_rank=959038,
conmateapp.com,959211,,1,USOM,tranco_rank=959211,
voluumtrk.com,959322,,1,Hexxium_Creations,tranco_rank=959322,
topworldnewstoday.com,959605,,1,StopForumSpam_ToxicDomains,tranco_rank=959605,
egrabber.com,959803,,1,The_Block_List_Project_Fraud,tranco_rank=959803,
klassniydomen.fun,960153,,1,Miroslav_Stampar,tranco_rank=960153,
wowcon.net,960850,,1,DandelionSprout,tranco_rank=960850,
vormax.link,961169,,1,Miroslav_Stampar,tranco_rank=961169,
fresent.com,961772,,1,StopForumSpam_ToxicDomains,tranco_rank=961772,
tamping.net,961983,,1,DandelionSprout,tranco_rank=961983,
rophimz.fm,962748,,1,ThreatFox,tranco_rank=962748,
amz.run,962829,,1,Phishing_Army,tranco_rank=962829,
gaming001.site,963600,,1,KADhosts,tranco_rank=963600,
uneasysilence.com,963606,,1,DandelionSprout,tranco_rank=963606,
ere-axa.fr,963677,,1,Redflag,tranco_rank=963677,
nestleservers.xyz,963705,,1,Miroslav_Stampar,tranco_rank=963705,
salofarm.ro,964166,,1,USOM,tranco_rank=964166,
socprofile.com,964370,,1,Phishing_Army,tranco_rank=964370,
holypriest.gl,964530,,1,ThreatFox,tranco_rank=964530,
xn--kr-nia.com,965411,,1,StopForumSpam_ToxicDomains,tranco_rank=965411,
covid-21.biz,965874,,1,Miroslav_Stampar,tranco_rank=965874,
logisticexpresscompany.com,966229,,2,CERT_Polska;Phishing_Army,tranco_rank=966229,
kukutrustnet777.info,966443,,1,USOM,tranco_rank=966443,
thestudenthelpline.com,967166,,1,StopForumSpam_ToxicDomains,tranco_rank=967166,
atende.pl,968112,,1,StopForumSpam_ToxicDomains,tranco_rank=968112,
domopichka.icu,968298,,1,StopForumSpam_ToxicDomains,tranco_rank=968298,
sprw.io,969220,,1,Phishing_Army,tranco_rank=969220,
cjby76nlcynrc4jvrb.com,970062,,1,USOM,tranco_rank=970062,
2000-mclaughlin-rentals.com,970557,,1,Miroslav_Stampar,tranco_rank=970557,
letsmakeparty3.ga,971583,,1,USOM,tranco_rank=971583,
izitienda.com,971674,,1,Miroslav_Stampar,tranco_rank=971674,
siasky.net,972377,,1,USOM,tranco_rank=972377,
slothingpressing.com,972946,,1,USOM,tranco_rank=972946,
wynnbet.com,974075,,1,StopForumSpam_ToxicDomains,tranco_rank=974075,
lnkz.at,974242,,1,Phishing_Army,tranco_rank=974242,
betify-casino-poker-france.fr,975607,,1,Redflag,tranco_rank=975607,
festra.com,976411,,1,ThreatFox,tranco_rank=976411,
bitdefenderupdate.org,976761,,1,USOM,tranco_rank=976761,
azovona.com,976770,,1,KADhosts,tranco_rank=976770,
thinkphp1.com,976802,,1,USOM,tranco_rank=976802,
pdftraining.com,977338,,1,USOM,tranco_rank=977338,
cleannaturalists.com,977491,,1,DandelionSprout,tranco_rank=977491,
askautiessios.com,978706,,1,DandelionSprout,tranco_rank=978706,
waiterpiousdetergent.com,978712,,1,DandelionSprout,tranco_rank=978712,
mercury.gl,979650,,1,The_Block_List_Project_Fraud,tranco_rank=979650,
getrunkhomuto.info,979703,,1,USOM,tranco_rank=979703,
holiday-forever.cc,980041,,1,ThreatFox,tranco_rank=980041,
sc88.ad,982651,,1,ThreatFox,tranco_rank=982651,
7mcnmacao.net,983243,,1,StopForumSpam_ToxicDomains,tranco_rank=983243,
hondanorthtoronto.ca,983526,,1,ThreatFox,tranco_rank=983526,
blackswanlimoz.com,983799,,1,StopForumSpam_ToxicDomains,tranco_rank=983799,
usimecltda.com.br,984477,,1,ThreatFox,tranco_rank=984477,
odintara.com,985609,,1,DandelionSprout,tranco_rank=985609,
wapster.pl,985796,,1,KADhosts,tranco_rank=985796,
alphastand.top,985862,,1,USOM,tranco_rank=985862,
vine.com,986422,,1,The_Block_List_Project_Fraud,tranco_rank=986422,
radiopoljubac.net,986769,,1,ThreatFox,tranco_rank=986769,
hokusetsu-ikimono.com,987354,,1,ThreatFox,tranco_rank=987354,
dropei.de,987857,,1,USOM,tranco_rank=987857,
hondathornhill.ca,988011,,1,ThreatFox,tranco_rank=988011,
basket2.xyz,988357,,1,Miroslav_Stampar,tranco_rank=988357,
genealogic.review,988403,,1,USOM,tranco_rank=988403,
hyggelig-news.com,989178,,1,ThreatFox,tranco_rank=989178,
onlinecasinosonline.co.za,990620,,1,StopForumSpam_ToxicDomains,tranco_rank=990620,
justdomyhomework.com,991185,,1,The_Block_List_Project_Fraud,tranco_rank=991185,
3aplus63.ru,991815,,1,StopForumSpam_ToxicDomains,tranco_rank=991815,
allmon.biz,992321,,1,The_Block_List_Project_Fraud,tranco_rank=992321,
tnagofsg.com,992674,,1,USOM,tranco_rank=992674,
buddyboybrands.com,992736,,1,ThreatFox,tranco_rank=992736,
fontspring.net,994102,,1,StopForumSpam_ToxicDomains,tranco_rank=994102,
opayq.com,994193,,1,StopForumSpam_ToxicDomains,tranco_rank=994193,
xiaobaixitong.com,995539,,1,DandelionSprout,tranco_rank=995539,
stakefr.fr,995568,,1,Redflag,tranco_rank=995568,
onfiltre.com.tr,995830,,1,Abuse.ch,tranco_rank=995830,
hondaofnorthtoronto.ca,995928,,1,ThreatFox,tranco_rank=995928,
sourceslabs.com,996310,,1,USOM,tranco_rank=996310,
majorsflexpress43.vip,996655,,1,Miroslav_Stampar,tranco_rank=996655,
pyproxy.com,996783,,1,USOM,tranco_rank=996783,
snapshare.chat,997162,,1,USOM,tranco_rank=997162,
wantmatures.com,998321,,1,KADhosts,tranco_rank=998321,
macabrecondfucews.shop,998416,,1,USOM,tranco_rank=998416,
superrito.com,998595,,1,StopForumSpam_ToxicDomains,tranco_rank=998595,
dealshik.com,998617,,1,DandelionSprout,tranco_rank=998617,
elmotahedaclean.com,998846,,1,ThreatFox,tranco_rank=998846,
bit-albania.com,998949,,1,USOM,tranco_rank=998949,
iclound.com,999269,,1,StopForumSpam_ToxicDomains,tranco_rank=999269,
